name,address,postcode,area_name,area_code,long,lat
Genting Casinos UK Limited,"Genting Casino Bolton, Higher Bridge Street, Bolton",BL1 2HA,Bolton,E08000001,-2.428633,53.583066
Grosvenor Casinos Limited,"Bolton Grosvenor Casino, Moor Lane/Ormrod St, Bolton",BL3 5DJ,Bolton,E08000001,-2.433416,53.575371
Grosvenor Casinos Limited,"Grosvenor Casino-AGC, Ormrod Street, Bolton",BL3 5DJ,Bolton,E08000001,-2.433416,53.575371
Megabet UK Limited,"Stan James, 2 Slater Street, Bolton",BL4 9DS,Bolton,E08000001,-2.394573,53.547562
Megabet UK Limited,"Stan James, 29/29A  Brackley Street, Farnworth, Bolton",BL4 9DS,Bolton,E08000001,-2.394573,53.547562
Done Brothers (Cash Betting) Limited,"Betfred, 1 Derwent Road, Farnworth, Bolton",BL4 0QE,Bolton,E08000001,-2.429334,53.546409
Done Brothers (Cash Betting) Limited,"Betfred, 1 Slater Street, Farnworth, Bolton",BL1 2HL,Bolton,E08000001,-2.430445,53.585954
Done Brothers (Cash Betting) Limited,"Betfred, 12 Deansgate, Bolton",BL1 1BR,Bolton,E08000001,-2.427438,53.579924
Done Brothers (Cash Betting) Limited,"Betfred, 124 Market Street, Farnworth, Bolton",BL4 9AE,Bolton,E08000001,-2.393479,53.548393
Done Brothers (Cash Betting) Limited,"Betfred, 20 Blackhorse Street, Blackrod, Bolton",BL6 5EW,Bolton,E08000001,-2.587262,53.594922
Done Brothers (Cash Betting) Limited,"Betfred, 25 Deansgate, Bolton",BL1 1HG,Bolton,E08000001,-2.428068,53.5795
Done Brothers (Cash Betting) Limited,"Betfred, 26 Manchester Road, Bolton",BL4 8NZ,Bolton,E08000001,-2.37326,53.538642
Done Brothers (Cash Betting) Limited,"Betfred, 29-31 Winter Hey Lane, Horwich, Bolton",BL6 7AD,Bolton,E08000001,-2.547054,53.599391
Done Brothers (Cash Betting) Limited,"Betfred, 33-35 Newport Street, Bolton",BL1 1NE,Bolton,E08000001,-2.428875,53.577151
Done Brothers (Cash Betting) Limited,"Betfred, 425-427 Wigan Road, Bolton",BL3 4QJ,Bolton,E08000001,-2.467131,53.566203
Done Brothers (Cash Betting) Limited,"Betfred, 472-476 Halliwell Road, Bolton",BL1 8AN,Bolton,E08000001,-2.443978,53.594479
Done Brothers (Cash Betting) Limited,"Betfred, 57 Market Street, Bolton",BL5 3AG,Bolton,E08000001,-2.522222,53.548736
Done Brothers (Cash Betting) Limited,"Betfred, 86 St. Helens Road, Bolton",BL3 3NP,Bolton,E08000001,-2.448229,53.564937
Done Brothers (Cash Betting) Limited,"Betfred, Market St/Foundry Street, Little Lever, Bolton",BL3 1HH,Bolton,E08000001,-2.371957,53.562266
Done Brothers (Cash Betting) Limited,"Betfred, Unit 1, 192 Manchester Road, Kearsley, Bolton",BL4 8QR,Bolton,E08000001,-2.368796,53.537432
Done Brothers (Cash Betting) Limited,"Betfred, Unit 3,16-22 Oxford Street, Bolton",BL1 1RF,Bolton,E08000001,-2.429924,53.579259
Talarius Limited,"Quicksilver, 57A-59 Newport Street, Bolton",BL1 1NE,Bolton,E08000001,-2.428875,53.577151
Summit Leisure (Market St) Limited,"Shaws Amusements, 18-22 Market Street, Bolton",BL1 1BU,Bolton,E08000001,-2.42962,53.579081
Summit Leisure (Market St) Limited,"Shaws Amusements, 76-78 Deansgate, Bolton",BL1 1BD,Bolton,E08000001,-2.431692,53.579574
Ladbrokes Betting & Gaming Limited,"Ladbrokes, 13 Belmont Road, Bolton",BL1 7AF,Bolton,E08000001,-2.433279,53.601646
Ladbrokes Betting & Gaming Limited,"Ladbrokes, 147-151 Tonge Moor Road, Bolton",BL2 2HR,Bolton,E08000001,-2.412729,53.589387
Ladbrokes Betting & Gaming Limited,"Ladbrokes, 171-173 St. Helens Road, Bolton",BL3 3PS,Bolton,E08000001,-2.451334,53.563019
Ladbrokes Betting & Gaming Limited,"Ladbrokes, 196 Deane Road, Bolton",BL3 5DP,Bolton,E08000001,-2.443963,53.573058
Ladbrokes Betting & Gaming Limited,"Ladbrokes, 2 -4 Norris Street, Farnworth, Bolton",BL4 9HG,Bolton,E08000001,-2.398216,53.544935
Ladbrokes Betting & Gaming Limited,"Ladbrokes, 21- 25 Great Moor Street, Bolton",BL1 1NZ,Bolton,E08000001,-2.428142,53.576345
Ladbrokes Betting & Gaming Limited,"Ladbrokes, 222 Chorley New Road, Horwich, Bolton",BL6 5NP,Bolton,E08000001,-2.545768,53.594525
Ladbrokes Betting & Gaming Limited,"Ladbrokes, 223 Rishton Lane, Bolton",BL3 2BN,Bolton,E08000001,-2.428019,53.562824
Ladbrokes Betting & Gaming Limited,"Ladbrokes, 224-226 Chorley Old Road, Bolton",BL1 3BW,Bolton,E08000001,-2.449811,53.586008
Ladbrokes Betting & Gaming Limited,"Ladbrokes, 26 Market Street, Bolton",BL1 1BU,Bolton,E08000001,-2.42962,53.579081
Ladbrokes Betting & Gaming Limited,"Ladbrokes, 33 Lee Lane, Horwich, Bolton",BL6 7AX,Bolton,E08000001,-2.546005,53.600016
Ladbrokes Betting & Gaming Limited,"Ladbrokes, 3-4 Derby Shopping Centre, Cannon Street, Bolton",BL3 5BP,Bolton,E08000001,-2.442858,53.571168
Ladbrokes Betting & Gaming Limited,"Ladbrokes, 34 Newport Street, Bolton",BL1 1NB,Bolton,E08000001,-2.42972,53.577031
Ladbrokes Betting & Gaming Limited,"Ladbrokes, 36 Lee Lane, Horwich, Bolton",BL6 7AE,Bolton,E08000001,-2.547067,53.600335
Ladbrokes Betting & Gaming Limited,"Ladbrokes, 36-38 Higher Market Street, Farnworth, Bolton",BL4 9AJ,Bolton,E08000001,-2.392043,53.546519
Ladbrokes Betting & Gaming Limited,"Ladbrokes, 45-47 Deansgate, Bolton",BL1 1HQ,Bolton,E08000001,-2.429773,53.579491
Ladbrokes Betting & Gaming Limited,"Ladbrokes, 521 Tonge Moor Road, Bolton",BL2 3BG,Bolton,E08000001,-2.411601,53.596123
Luxury Leisure,"Nobles Amusements, 30 Newport Street, Bolton",BL1 1NB,Bolton,E08000001,-2.42972,53.577031
Coral Racing Limited,"Coral Racing Ltd, 1 Newport Street, Bolton",BL1 1NE,Bolton,E08000001,-2.428875,53.577151
Coral Racing Limited,"Coral Racing Ltd, 290-292 Bury Road, Bolton",BL2 6AY,Bolton,E08000001,-2.406176,53.580331
Coral Racing Limited,"Coral Racing Ltd, 322 Crompton Way, Bolton",BL2 2NE,Bolton,E08000001,-2.406998,53.591914
Coral Racing Limited,"Coral Racing Ltd, 806 Bury Road, Bolton",BL2 6PA,Bolton,E08000001,-2.385653,53.580678
Mecca Bingo Limited,"Mecca Bingo, Breightmet Fold Lane, Bolton",BL2 6PP,Bolton,E08000001,-2.382316,53.582459
Mecca Bingo Limited,"Mecca Bingo, Moor Lane, Bolton",BL3 5DJ,Bolton,E08000001,-2.433416,53.575371
William Hill Organization Limited,"William Hill, 10 Brackley Street, Bolton",BL4 9DR,Bolton,E08000001,-2.394469,53.547947
William Hill Organization Limited,"William Hill, 22 Glynne Street, Farnworth, Bolton",BL4 7DY,Bolton,E08000001,-2.404155,53.550515
William Hill Organization Limited,"William Hill, 22 Newport Street, Bolton",BL1 1NB,Bolton,E08000001,-2.42972,53.577031
William Hill Organization Limited,"William Hill, 227/229 Halliwell Road, Bolton",BL1 3NT,Bolton,E08000001,-2.436881,53.591953
William Hill Organization Limited,"William Hill, 256-258 Chorley Old Road, Bolton",BL1 4JE,Bolton,E08000001,-2.451222,53.586533
William Hill Organization Limited,"William Hill, 279 Rishton Lane, Bolton",BL3 2EH,Bolton,E08000001,-2.428829,53.560657
William Hill Organization Limited,"William Hill, 32 Market Street, Westhoughton, Bolton",BL5 3AN,Bolton,E08000001,-2.521108,53.548929
William Hill Organization Limited,"William Hill, 5 Market Street, Little Lever, Bolton",BL3 1HH,Bolton,E08000001,-2.371957,53.562266
William Hill Organization Limited,"William Hill, 87 Glynne Street, Farnworth, Bolton",BL4 7DH,Bolton,E08000001,-2.406921,53.549409
Tote (Successor Company) Limited,"Totesport, 150 Blackburn Road, Bolton",BL1 8DR,Bolton,E08000001,-2.430573,53.591158
Cashino Gaming Limited,"Cashino Gaming Limited, 47-49 Brackley Street, Farnworth, Bolton",BL4 9DS,Bolton,E08000001,-2.394573,53.547562
Cashino Gaming Limited,"Cashino Gaming Limited, 51-55 Brackley Street, Farnworth, Bolton",BL4 9DS,Bolton,E08000001,-2.394573,53.547562
Bolton Wanderers Development Association (Chorley) Limited,"Bolton Wanderers Development Association (Chorley) Limited, Bolton Wanderers Football Club, Macron Staduim, Burnden Way,Lostock, Bolton",BL6 6JW,Bolton,E08000001,-2.536279,53.580169
Rank Leisure Limited,"Rank Leisure, Agc 1, Breightmet Fold Lane, Bolton",BL2 6PP,Bolton,E08000001,-2.382316,53.582459
Rank Leisure Limited,"Rank Leisure, Agc 2, Breightmet Fold Lane, Bolton",BL2 6PP,Bolton,E08000001,-2.382316,53.582459
Done Brothers (Cash Betting) Limited,"Betfred, 11 Bridge Street, Ramsbottom, Bury",BL0 9AB,Bury,E08000002,-2.314923,53.648025
Done Brothers (Cash Betting) Limited,"Betfred, 130 Water Street, Radcliffe, Manchester",M26 4BE,Bury,E08000002,-2.334585,53.563151
Done Brothers (Cash Betting) Limited,"Betfred, 135 Bury New Road, Prestwich, Manchester",M25 9NX,Bury,E08000002,-2.276789,53.523625
Done Brothers (Cash Betting) Limited,"Betfred, 168 Walmersley Road, Bury",BL9 6LL,Bury,E08000002,-2.290648,53.602437
Done Brothers (Cash Betting) Limited,"Betfred, 203 Manchester Road, Bury",BL9 9HL,Bury,E08000002,-2.298369,53.582968
Done Brothers (Cash Betting) Limited,"Betfred, 22 Longfield Centre, Prestwich, Manchester",M25 1AY,Bury,E08000002,-2.284273,53.532955
Done Brothers (Cash Betting) Limited,"Betfred, 30 Haymarket Street, Bury",BL9 0AY,Bury,E08000002,-2.297905,53.592101
Done Brothers (Cash Betting) Limited,"Betfred, 322 Tottington Road, Bury",BL8 1TA,Bury,E08000002,-2.321905,53.603175
Done Brothers (Cash Betting) Limited,"Betfred, 35 Market Street, Bury",BL9 0BL,Bury,E08000002,-2.296606,53.592185
Done Brothers (Cash Betting) Limited,"Betfred, 417 Bury Old Road, Prestwich, Manchester",M25 1PS,Bury,E08000002,-2.27138,53.536284
Done Brothers (Cash Betting) Limited,"Betfred, 7 Elms Square, Whitefield, Manchester",M45 7TA,Bury,E08000002,-2.296255,53.553166
Done Brothers (Cash Betting) Limited,"Betfred, 7 Silver Street, Bury",BL9 0EU,Bury,E08000002,-2.298166,53.593033
Done Brothers (Cash Betting) Limited,"Betfred, 88 Rochdale Road, Bury",BL9 7AY,Bury,E08000002,-2.286592,53.5929
Done Brothers (Cash Betting) Limited,"Betfred, Unit 5 Radius Devt Longfield Centre, Prestwich, Manchester",M25 1AY,Bury,E08000002,-2.284273,53.532955
Done Brothers (Cash Betting) Limited,"Unit 3 Apex Centre, Water Street, Radcliffe, Manchester",M26 4DF,Bury,E08000002,-2.331297,53.563922
Ladbrokes Betting & Gaming Limited,"Ladbrokes, 35 Bolton Street, Ramsbottom, Bury",BL0 9HU,Bury,E08000002,-2.318537,53.647577
Ladbrokes Betting & Gaming Limited,"Ladbrokes, 36 Stand Lane, Radcliffe, Manchester",M26 1LJ,Bury,E08000002,-2.323355,53.557859
Ladbrokes Betting & Gaming Limited,"Ladbrokes, 4 Ribble Drive, Bury",BL9 6RT,Bury,E08000002,-2.292537,53.622081
Ladbrokes Betting & Gaming Limited,"Ladbrokes, 48 Bury New Road, Prestwich, Manchester",M25 0JU,Bury,E08000002,-2.271845,53.519456
Ladbrokes Betting & Gaming Limited,"Ladbrokes, 7 Albert Place, Whitefield, Manchester",M45 8NE,Bury,E08000002,-2.277091,53.551353
Ladbrokes Betting & Gaming Limited,"Ladbrokes, Unit 4, Ribble Drive, Whitefield, Manchester",M45 8AJ,Bury,E08000002,-2.27629,53.551497
Luxury Leisure,"Nobles Amusements, 13 The Rock, Bury",BL9 0JP,Bury,E08000002,-2.295864,53.594057
Luxury Leisure,"Nobles Amusements, 47 Market Street, Bury",BL9 0BH,Bury,E08000002,-2.295889,53.591171
David Seldon Scott & Siobhan Mercia Ellen Corolina Scott,"Limelight Amusements, 9 Dale Street, Radcliffe, Manchester",M26 1AB,Bury,E08000002,-2.325793,53.558877
Coral Racing Limited,"Coral, Unit 3 Princess Parade, Bury",BL9 0QL,Bury,E08000002,-2.295258,53.591649
Coral Racing Limited,"Coral Racing Ltd, 105 The Rock, Bury",BL9 0NB,Bury,E08000002,-2.294402,53.594644
Coral Racing Limited,"Coral Racing Ltd, 119-121 Radcliffe Road, Bury",BL9 9LD,Bury,E08000002,-2.303095,53.580619
Coral Racing Limited,"Coral Racing Ltd, 2 The Rock, Bury",BL9 0NT,Bury,E08000002,-2.296616,53.593596
Coral Racing Limited,"Coral Racing Ltd, 319 Bolton Road, Bury",BL8 2PD,Bury,E08000002,-2.319542,53.588459
Coral Racing Limited,"Coral Racing Ltd, 37-39 Cross Lane, Radcliffe, Manchester",M26 2QZ,Bury,E08000002,-2.316823,53.564198
Coral Racing Limited,"Coral Racing Ltd, 384 Parr Lane, Bury",BL9 8LU,Bury,E08000002,-2.281003,53.556368
Coral Racing Limited,"Coral Racing Ltd, 462 Bury New Road, Prestwich, Manchester",M25 1AX,Bury,E08000002,-2.285044,53.533169
William Hill Organization Limited,"William Hill, 1/3 Market Place, Bury",BL9 0LD,Bury,E08000002,-2.297355,53.593469
William Hill Organization Limited,"William Hill, 159 Ainsworth Road, Radcliffe, Manchester",M26 4FD,Bury,E08000002,-2.335751,53.567454
William Hill Organization Limited,"William Hill, 17 Blackburn Street, Radcliffe, Manchester",M26 1NN,Bury,E08000002,-2.325492,53.558745
William Hill Organization Limited,"William Hill, 287 Middleton Road, Manchester",M8 4LY,Bury,E08000002,-2.247193,53.52831
William Hill Organization Limited,"William Hill, 4 Princess Parade, Bury",BL9 0QL,Bury,E08000002,-2.295258,53.591649
Tote (Successor Company) Limited,"Totesport, 58 Moorgate, Bury",BL9 7AF,Bury,E08000002,-2.287724,53.596836
Cheshire Sporting Club Limited,"Cheshire Sporting Club Limited, Bloom Street Casino, 11 Bloom Street, Manchester",M1 3HS,Manchester,E08000003,-2.235812,53.478231
Cheshire Sporting Club Limited,"Cheshire Sporting Club Limited, Dickinson House, Dickinson Street, Manchester",M1 4LF,Manchester,E08000003,-2.240634,53.476179
Genting Casinos UK Limited,"Genting Casino Manchester, 110-114 Portland Street (premisess licence number 099902), Manchester",M1 4RL,Manchester,E08000003,-2.242024,53.476716
Genting Casinos UK Limited,"Manchester Mint, 110-114 Portland Street (premisess licence number 099904), Manchester",M1 6DE,Manchester,E08000003,-2.239979,53.477081
I Lewis (Commission Agents) Limited,"Lewis Bookmaker, Hall Lane, Manchester",M23 1AQ,Manchester,E08000003,-2.277063,53.399024
I Lewis (Commission Agents) Limited,"Lewis Bookmakers, 43 Peel Hall Road, Manchester",M22 5DW,Manchester,E08000003,-2.248039,53.381524
I Lewis (Commission Agents) Limited,"Lewis Bookmakers, 48A Faulkner Street, Manchester",M1 4FH,Manchester,E08000003,-2.240407,53.478195
I Lewis (Commission Agents) Limited,"Lewis Bookmakers, 585B Wilbraham Road, Manchester",M21 9AG,Manchester,E08000003,-2.285594,53.437881
Grosvenor Casinos Limited,"Didsbury Grosvenor Casino, Parrswood Entertainment Centre, Kingsway, Wilmslow Road, Manchester",M20 5PG,Manchester,E08000003,-2.219511,53.408664
Grosvenor Casinos Limited,"Grosvenor Casino, 35-39 George Street (or may be 35-39A), Manchester",M1 4HQ,Manchester,E08000003,-2.240602,53.478534
Grosvenor Casinos Limited,"Manchester Bury New Road Grosvenor Casino, 2 Ramsgate Street, Manchester",M8 9SG,Manchester,E08000003,-2.253005,53.496245
Grosvenor Casinos Limited,"Manchester Electric Grosvenor Casino, 2 Ramsgate Street, Manchester",M8 9SG,Manchester,E08000003,-2.253005,53.496245
London Clubs Manchester Limited,"London Clubs, 7-9 Great Northern Square, Deansgate, Manchester",M3 4EJ,Manchester,E08000003,-2.249004,53.477072
London Clubs Manchester Limited,"London Clubs, Manchester 235, 2 Watson Street, Manchester",M3 4LP,Manchester,E08000003,-2.248792,53.477268
Megabet UK Limited,"Stan James, Unit C, Hale Top, Civic Centre, Wythenshawe, Manchester",M22 5RN,Manchester,E08000003,-2.261751,53.379276
Megabet UK Limited,"Stan James, 353 Claremont Road, Manchester",M14 7NB,Manchester,E08000003,-2.233066,53.45288
Sal Leisure Limited,"Sal Leisure Ltd, 39-41 Parker Street, Manchester",M1 4AJ,Manchester,E08000003,-2.237914,53.480193
Power Leisure Bookmakers Limited,"Paddy Power, 30 Hulme High Street, Manchester",M15 5JS,Manchester,E08000003,-2.248417,53.461784
Power Leisure Bookmakers Limited,"Paddy Power, 44, Unit F2 Ground Floor, City Tower,Piccadilly Plaza, Manchester",M1 4AJ,Manchester,E08000003,-2.237914,53.480193
Power Leisure Bookmakers Limited,"Paddy Power, 49 Old Church Street, Manchester",M40 2JN,Manchester,E08000003,-2.1804,53.501131
Power Leisure Bookmakers Limited,"Paddy Power, 551-553 Stockport Road, Manchester",M12 4JH,Manchester,E08000003,-2.200288,53.457101
Power Leisure Bookmakers Limited,"Paddy Power, 79 Wilmslow Road, Manchester",M14 5SU,Manchester,E08000003,-2.224872,53.455439
Power Leisure Bookmakers Limited,"Paddy Power, 958-960 Stockport Road, Manchester",M19 3NN,Manchester,E08000003,-2.191642,53.4433
Done Brothers (Cash Betting) Limited,"Betfred, De Quincy House, 86 Cross Street, Manchester",M2 4LA,Manchester,E08000003,-2.245301,53.48036
Done Brothers (Cash Betting) Limited,"Betfred, 10 Mosley Street, Manchester",M2 3AQ,Manchester,E08000003,-2.239246,53.481099
Done Brothers (Cash Betting) Limited,"Betfred, 1299-1301 Ashton Old Road, Manchester",M11 1JS,Manchester,E08000003,-2.162624,53.472987
Done Brothers (Cash Betting) Limited,"Betfred, 133 Deansgate, Manchester",M3 3WR,Manchester,E08000003,-2.248055,53.479788
Done Brothers (Cash Betting) Limited,"Betfred, 135-137 Chapman Street, Manchester",M18 8LY,Manchester,E08000003,-2.169882,53.464456
Done Brothers (Cash Betting) Limited,"Betfred, 14 Nicholas Street, Manchester",M1 4EJ,Manchester,E08000003,-2.240242,53.478321
Done Brothers (Cash Betting) Limited,"Betfred, 15 Hale Top, Manchester",M22 5RB,Manchester,E08000003,-2.263376,53.379515
Done Brothers (Cash Betting) Limited,"Betfred, 153 Moorcroft Road, Manchester",M23 0AE,Manchester,E08000003,-2.2934,53.408478
Done Brothers (Cash Betting) Limited,"Betfred, 16 The Birtles, Civic Centre, Wythenshawe, Manchester",M22 5RF,Manchester,E08000003,-2.261846,53.380103
Done Brothers (Cash Betting) Limited,"Betfred, 177 Dickenson Road, Manchester",M13 0YN,Manchester,E08000003,-2.210876,53.454234
Done Brothers (Cash Betting) Limited,"Betfred, 18 Fountain Street, Manchester",M2 2AA,Manchester,E08000003,-2.24005,53.481764
Done Brothers (Cash Betting) Limited,"Betfred, 292-294 Claremont Road, Manchester",M14 4EP,Manchester,E08000003,-2.23671,53.45306
Done Brothers (Cash Betting) Limited,"Betfred, 33 George Street, Manchester",M1 4HQ,Manchester,E08000003,-2.240602,53.478534
Done Brothers (Cash Betting) Limited,"Betfred, 334 Platt Lane, Manchester",M14 7DA,Manchester,E08000003,-2.238497,53.446863
Done Brothers (Cash Betting) Limited,"Betfred, 344 Palatine Road, Manchester",M22 4HE,Manchester,E08000003,-2.25715,53.408966
Done Brothers (Cash Betting) Limited,"Betfred, 487 Wilmslow Road, Manchester",M20 4AN,Manchester,E08000003,-2.227981,53.434122
Done Brothers (Cash Betting) Limited,"Betfred, 582a Hyde Road, Manchester",M18 7EE,Manchester,E08000003,-2.173586,53.460961
Done Brothers (Cash Betting) Limited,"Betfred, 586a and 586f Ashton New Road, Manchester",M11 4SG,Manchester,E08000003,-2.186804,53.483306
Done Brothers (Cash Betting) Limited,"Betfred, 586E & 586F Ashton New Road, Manchester",M11 4GS,Manchester,E08000003,-2.171789,53.481792
Done Brothers (Cash Betting) Limited,"Betfred, 62 Hathersage Road, Manchester",M13 0FE,Manchester,E08000003,-2.21568,53.460121
Done Brothers (Cash Betting) Limited,"Betfred, 78 Bury Old Road, Manchester",M8 5BW,Manchester,E08000003,-2.246583,53.514325
Done Brothers (Cash Betting) Limited,"Betfred, 79 Erskine Street, Manchester",M15 4BS,Manchester,E08000003,-2.260114,53.465759
Done Brothers (Cash Betting) Limited,"Betfred, 7-9 Oldham Street, Manchester",M1 1LG,Manchester,E08000003,-2.236916,53.481806
Done Brothers (Cash Betting) Limited,"Betfred, 8 High Street, Manchester",M4 1QB,Manchester,E08000003,-2.238969,53.482789
Done Brothers (Cash Betting) Limited,"Betfred, 83 Beswick Street, Manchester",M4 7HR,Manchester,E08000003,-2.214126,53.483485
Done Brothers (Cash Betting) Limited,"Betfred, 835-837 Stockport Road, Manchester",M19 3PW,Manchester,E08000003,-2.191328,53.443894
Done Brothers (Cash Betting) Limited,"Betfred, Unit 1 Grove Village Parade, Stockport Road, Manchester",M13 0SH,Manchester,E08000003,-2.198484,53.454873
Done Brothers (Cash Betting) Limited,"Betfred, Unit 15, North City Shoppping Centre, Lee Road, Manchester",M9 4DH,Manchester,E08000003,-2.211905,53.51263
Done Brothers (Cash Betting) Limited,"Betfred, Unit 3/5 Courtletts House, 38 King Street West, Manchester",M3 2WZ,Manchester,E08000003,-2.249524,53.481455
Done Brothers (Cash Betting) Limited,"Betfred, Unit 9, Lime Square, Ashton Old Road, Manchester",M11 1DA,Manchester,E08000003,-2.164901,53.473649
Inspired Gaming (UK) Limited,"Inspired Gaming (UK) Limited, Voyager Amusements, Main Concourse, Landside Departures, Terminal One, Manchester Airport, Manchester",M90 1QX,Manchester,E08000003,-2.270841,53.361881
Talarius Limited,"Quicksilver, 31 North City Shopping Centre, Lee Road, Manchester",M9 4DH,Manchester,E08000003,-2.211905,53.51263
Talarius Limited,"Quicksilver, 466 Wilbraham Road, Manchester",M21 9AS,Manchester,E08000003,-2.278958,53.44275
Talarius Limited,"Silvers Gaming Centre, 6 Hale Top, Civic Centre, Wythenshawe, Manchester",M22 5RN,Manchester,E08000003,-2.261751,53.379276
Talarius Limited,"Silvers Gaming Centre,, Unit 1, 6 Hale TopCivic Centre, Wythenshawe, Manchester",M22 5RN,Manchester,E08000003,-2.261751,53.379276
Ladbrokes Betting & Gaming Limited,"Ladbrokes, 100 Wilmslow Road, Manchester",M14 5AJ,Manchester,E08000003,-2.223717,53.453428
Ladbrokes Betting & Gaming Limited,"Ladbrokes, 10B Oxford Road, Manchester",M1 5QA,Manchester,E08000003,-2.23997,53.472893
Ladbrokes Betting & Gaming Limited,"Ladbrokes, 11-13 Barlow Moor Road, Manchester",M20 6TN,Manchester,E08000003,-2.232648,53.417772
Ladbrokes Betting & Gaming Limited,"Ladbrokes, 1160 Rochdale Road, Manchester",M9 6ER,Manchester,E08000003,-2.20823,53.531889
Ladbrokes Betting & Gaming Limited,"Ladbrokes, 123-125 Deansgate, Manchester",M3 2BY,Manchester,E08000003,-2.247951,53.480335
Ladbrokes Betting & Gaming Limited,"Ladbrokes, 145 Greenbrow Road, Manchester",M23 2DB,Manchester,E08000003,-2.28608,53.38464
Ladbrokes Betting & Gaming Limited,"Ladbrokes, 15 Cross Street, Manchester",M2 1WE,Manchester,E08000003,-2.243669,53.482564000000004
Ladbrokes Betting & Gaming Limited,"Ladbrokes, 16 Spring Gardens, Manchester",M2 1EE,Manchester,E08000003,-2.24091,53.482282
Ladbrokes Betting & Gaming Limited,"Ladbrokes, 181 Hollyhedge Road, Manchester",M22 8UE,Manchester,E08000003,-2.258938,53.388918
Ladbrokes Betting & Gaming Limited,"Ladbrokes, 2 Piccadilly South, Gateway House, Manchester",M1 2GH,Manchester,E08000003,-2.231714,53.478392
Ladbrokes Betting & Gaming Limited,"Ladbrokes, 26 Old Moat Lane, Manchester",M20 3FL,Manchester,E08000003,-2.232365,53.434859
Ladbrokes Betting & Gaming Limited,"Ladbrokes, 285 Victoria Avenue, Manchester",M9 0NG,Manchester,E08000003,-2.227666,53.53278
Ladbrokes Betting & Gaming Limited,"Ladbrokes, 304-306 Oxford Road, Manchester",M13 9NS,Manchester,E08000003,-2.230424,53.462826
Ladbrokes Betting & Gaming Limited,"Ladbrokes, 306 Portway, Manchester",M22 1TE,Manchester,E08000003,-2.268648,53.374056
Ladbrokes Betting & Gaming Limited,"Ladbrokes, 354 Great Western Street, Manchester",M14 4BY,Manchester,E08000003,-2.2311550000000002,53.45603
Ladbrokes Betting & Gaming Limited,"Ladbrokes, 38 Piccadilly Plaza, Manchester",M1 4AJ,Manchester,E08000003,-2.237914,53.480193
Ladbrokes Betting & Gaming Limited,"Ladbrokes, 43 Deangate, Manchester",M3 2AY,Manchester,E08000003,-2.24622,53.48292
Ladbrokes Betting & Gaming Limited,"Ladbrokes, 44 Bury Old Road, Manchester",M8 5BN,Manchester,E08000003,-2.245643,53.513401
Ladbrokes Betting & Gaming Limited,"Ladbrokes, 46 Portland Street, Manchester",M1 4QU,Manchester,E08000003,-2.239142,53.478341
Ladbrokes Betting & Gaming Limited,"Ladbrokes, 482 Wilbraham Road, Manchester",M21 9AS,Manchester,E08000003,-2.278958,53.44275
Ladbrokes Betting & Gaming Limited,"Ladbrokes, 640-642 Oldham Road, Manchester",M40 8BA,Manchester,E08000003,-2.210734,53.495482
Ladbrokes Betting & Gaming Limited,"Ladbrokes, 66-68 Bridge Street, Manchester",M3 2RJ,Manchester,E08000003,-2.248589,53.480785
Ladbrokes Betting & Gaming Limited,"Ladbrokes, 71 Cheetham Hill Road, Manchester",M4 4ES,Manchester,E08000003,-2.240893,53.492153
Ladbrokes Betting & Gaming Limited,"Ladbrokes, Unit 1, Cheetham Hill Shopping Centre, Cheetham Hill, Manchester",M8 5EL,Manchester,E08000003,-2.244838,53.512897
Ladbrokes Betting & Gaming Limited,"Ladbrokes, Unit 32 Manchester Fort Shopping Park, Cheetham Hill Road, Manchester",M8 8EP,Manchester,E08000003,-2.235028,53.497216
David Pluck (North West) Limited,"11 -13 Lansdowne Road, Crumpsall, Manchester",M8 5SF,Manchester,E08000003,-2.236741,53.515324
David Pluck (North West) Limited,"David Pluck Bookmakers, 481 Cheetham Hill Road, Manchester",M8 9LR,Manchester,E08000003,-2.241585,53.507917
David Pluck (North West) Limited,"David Pluck Racing, Unit 2, 683-693 Wilmslow Road, Manchester",M20 6RE,Manchester,E08000003,-2.231335,53.417046
David Pluck (North West) Limited,"David Pluck Racing, Units 4 & 5 Longsight Shopping, Stockport Road, Manchester",M12 4NE,Manchester,E08000003,-2.200953,53.457817
Jennings Racing Limited,"JenningsBet, 51 Piccadilly, Manchester",M1 2AP,Manchester,E08000003,-2.234921,53.481125
Gala Leisure Limited,"Gala Clubs, Kirkmanshulme Lane, Manchester",M18 7BA,Manchester,E08000003,-2.184679,53.462394
Gala Leisure Limited,"Gala Clubs, North City Shopping Centre, Rochdale Road, Manchester",M9 4DH,Manchester,E08000003,-2.211905,53.51263
Gala Leisure Limited,"Gala Clubs, Rowlandsway, Civic Centre, Wythenshawe, Manchester",M22 5RG,Manchester,E08000003,-2.260594,53.379315
Coral Racing Limited,"Coral Racing Ltd, 14 Broadway, Manchester",M40 3LN,Manchester,E08000003,-2.16724,53.520503
Coral Racing Limited,"Coral Racing Ltd, 155 Mount Road, Manchester",M18 7QT,Manchester,E08000003,-2.180862,53.45724
Coral Racing Limited,"Coral Racing Ltd, 182C Arndale Centre, Market Street, Manchester",M4 2HU,Manchester,E08000003,-2.2428,53.482936
Coral Racing Limited,"Coral Racing Ltd, 193 Fog Lane, Manchester",M20 6FJ,Manchester,E08000003,-2.216944,53.421478
Coral Racing Limited,"Coral Racing Ltd, 24-26 Lansdowne Road, Manchester",M8 5SH,Manchester,E08000003,-2.237133,53.515708
Coral Racing Limited,"Coral Racing Ltd, 401 Hollinwood Avenue, Manchester",M40 0JQ,Manchester,E08000003,-2.174226,53.524663
Coral Racing Limited,"Coral Racing Ltd, 442 Barlow Moor Road, Manchester",M21 0BQ,Manchester,E08000003,-2.277668,53.443454
Coral Racing Limited,"Coral Racing Ltd, 533 Wilmslow Road, Manchester",M20 4BA,Manchester,E08000003,-2.228386,53.431029
Coral Racing Limited,"Coral Racing Ltd, 88-90 Old Church Street, Manchester",M40 2JF,Manchester,E08000003,-2.181199,53.500995
Coral Racing Limited,"Coral Racing Ltd, Top Flat, 347 Moston Lane, Manchester",M40 9NB,Manchester,E08000003,-2.198039,53.514029
Coral Racing Limited,"Coral Racing Ltd, Unit 49-51, North City Shopping Centre, Rochdale Road, Manchester",M9 4DH,Manchester,E08000003,-2.211905,53.51263
Coral Racing Limited,"Coral Racing Ltd, Unit 5, Gorton Retail Market, Garratt Way, Manchester",M18 8LD,Manchester,E08000003,-2.172479,53.462403
Coral Racing Limited,"Coral Racing Unit 24, Wythenshawe Shopping Centre, Wythenshawe, Manchester",M22 5RN,Manchester,E08000003,-2.261751,53.379276
Mecca Bingo Limited,"Mecca Bingo, 477 Hyde Road, Manchester",M12 5FL,Manchester,E08000003,-2.194738,53.465218
Mecca Bingo Limited,"Mecca Bingo, 477 Hyde Road, Manchester",M12 5FL,Manchester,E08000003,-2.194738,53.465218
William Hill Organization Limited,"William Hill, 1 Harpurhey District Centre, Conran Street",M9 5PR,Manchester,E08000003,-2.212019,53.508297
William Hill Organization Limited,"William Hill, 101 Beresford Road, Manchester",M13 0TA,Manchester,E08000003,-2.201538,53.4506
William Hill Organization Limited,"William Hill, 102 Mauldeth Road, Manchester",M14 6SQ,Manchester,E08000003,-2.213429,53.434823
William Hill Organization Limited,"William Hill, 108 Northmoor Road, Manchester",M12 5RS,Manchester,E08000003,-2.192856,53.455298
William Hill Organization Limited,"William Hill, 109 Culcheth Lane, Manchester",M40 1LY,Manchester,E08000003,-2.174876,53.495926
William Hill Organization Limited,"William Hill, 110-112 Withington Road, Manchester",M16 8FA,Manchester,E08000003,-2.257703,53.453117
William Hill Organization Limited,"William Hill, 1294 Ashton Old Road, Manchester",M11 1JG,Manchester,E08000003,-2.163496,53.472644
William Hill Organization Limited,"William Hill, 160 Hollyhedge Road, Manchester",M22 9UE,Manchester,E08000003,-2.258965,53.388388
William Hill Organization Limited,"William Hill, 168 Manchester Road, Manchester",M16 0DZ,Manchester,E08000003,-2.273673,53.449763
William Hill Organization Limited,"William Hill, 18/20 Mosley Street, Manchester",M2 3AG,Manchester,E08000003,-2.239638,53.480776
William Hill Organization Limited,"William Hill, 283 Cheetham Hill Road, Manchester",M8 0SN,Manchester,E08000003,-2.236273,53.501654
William Hill Organization Limited,"William Hill, 285-287 Mauldeth Road, Manchester",M19 1HL,Manchester,E08000003,-2.201453,53.432767
William Hill Organization Limited,"William Hill, 30 High Street, Manchester",M4 1QB,Manchester,E08000003,-2.238969,53.482789
William Hill Organization Limited,"William Hill, 315 Wilmslow Road, Manchester",M14 6NW,Manchester,E08000003,-2.218446,53.4416
William Hill Organization Limited,"William Hill, 317-319 Moston Lane, Manchester",M40 9NL,Manchester,E08000003,-2.199381,53.514017
William Hill Organization Limited,"William Hill, 355 Barlow Moor Road, Manchester",M21 7FZ,Manchester,E08000003,-2.271745,53.433158
William Hill Organization Limited,"William Hill, 368 Barlow Moor Road, Manchester",M21 8AZ,Manchester,E08000003,-2.27408,53.438097
William Hill Organization Limited,"William Hill, 369-371 Palatine Road, Manchester",M22 4FY,Manchester,E08000003,-2.257669,53.407689
William Hill Organization Limited,"William Hill, 40-42 Oxford Street, Manchester",M1 5EJ,Manchester,E08000003,-2.242546,53.47587
William Hill Organization Limited,"William Hill, 47 Deansgate, Manchester",M3 2AY,Manchester,E08000003,-2.24622,53.48292
William Hill Organization Limited,"William Hill, 471 Kingsway, Manchester",M19 1NR,Manchester,E08000003,-2.212655,53.421431
William Hill Organization Limited,"William Hill, 478 Burnage Lane, Manchester",M19 1LH,Manchester,E08000003,-2.203374,53.425349
William Hill Organization Limited,"William Hill, 482 Wilbraham Road, Manchester",M21 9AS,Manchester,E08000003,-2.278958,53.44275
William Hill Organization Limited,"William Hill, 562-564 Stockport Road, Manchester",M12 4JJ,Manchester,E08000003,-2.200799,53.456858
William Hill Organization Limited,"William Hill, 58 Stockport Road, Manchester",M12 6AL,Manchester,E08000003,-2.221686,53.468218
William Hill Organization Limited,"William Hill, 59/61 Old Church Street, Manchester",M40 2JN,Manchester,E08000003,-2.1804,53.501131
William Hill Organization Limited,"William Hill, 593-595 Ashton New Road, Manchester",M11 4EA,Manchester,E08000003,-2.187077,53.483585
William Hill Organization Limited,"William Hill, 62/64 Stockport Road, Manchester",M12 6AL,Manchester,E08000003,-2.221686,53.468218
William Hill Organization Limited,"William Hill, 74 Mauldeth Road West, Withington, Manchester",M20 3FQ,Manchester,E08000003,-2.230697,53.43817
William Hill Organization Limited,"William Hill, 85 Piccadilly, Manchester",M1 2DA,Manchester,E08000003,-2.2334869999999998,53.480249
William Hill Organization Limited,"William Hill, 988-990 Stockport Road, Manchester",M19 3WN,Manchester,E08000003,-2.19013,53.441945
William Hill Organization Limited,"William Hill, Unit 1, 21 Copson Street, Manchester",M20 3HE,Manchester,E08000003,-2.229695,53.433705
William Hill Organization Limited,"William Hill, Unit 3, Westlake Retail Park, Ashton Old Road, Manchester",M11 2SL,Manchester,E08000003,-2.177722,53.473451
William Hill Organization Limited,"William Hill, Unit 5, 10A Wilmslow Road, Manchester",M14 5TP,Manchester,E08000003,-2.226462,53.457018
Tote (Successor Company) Limited,"Totesport, 15  Hale Top, Civic Centre, Wythenshawe, Manchester",M22 5RP,Manchester,E08000003,-2.261284,53.379222
Tote (Successor Company) Limited,"Totesport, 1299- 1303 Ashton Old Road, Manchester",M11 1JS,Manchester,E08000003,-2.162624,53.472987
The Players Club UK Limited,"Players Club, Sub Basement, Manchester House, 86 Princess Street, Manchester",M1 6NG,Manchester,E08000003,-2.237825,53.474596
Rank Leisure Limited,"Rank Leisure, Kirkmanshulme Lane, Manchester",M18 7BA,Manchester,E08000003,-2.184679,53.462394
Britannia Jinky Jersey Limited,"Britannia Country House Hotel, Palatine Road, Manchester",M20 2WG,Manchester,E08000003,-2.24638,53.417013
Playnation Limited,"Arrivals Arcade, Terminal 2, Manchester Airport, Manchester",M90 1QX,Manchester,E08000003,-2.270841,53.361881
Playnation Limited,"Manchester Airport Plc, Olympic House, Manchester Airport, Manchester",M90 1QX,Manchester,E08000003,-2.270841,53.361881
Playnation Limited,"Terminal One - Airside Arcade, Manchester Airport, Manchester",M90 1QX,Manchester,E08000003,-2.270841,53.361881
Raykin Limited,"Raykin Limited, 41 Faulkner Street, Manchester",M1 4EE,Manchester,E08000003,-2.239579,53.47826
I Lewis (Commission Agents) Limited,"Lewis Bookmakers, 148 Huddersfield Road, Oldham",OL4 2RD,Oldham,E08000004,-2.089079,53.54703
The Storey Group Limited,"Storeys Amusements, 4 Henshaw Street, Oldham",OL1 3AA,Oldham,E08000004,-2.114995,53.542586
Power Leisure Bookmakers Limited,"Paddy Power, 13-15 Henshaw Street, Oldham",OL1 1NH,Oldham,E08000004,-2.115328,53.543026
Power Leisure Bookmakers Limited,"Paddy Power, 284 Lees Road, Oldham",OL4 1NZ,Oldham,E08000004,-2.088958,53.539894
Done Brothers (Cash Betting) Limited,"Betfred, 1/3 Coalshaw Green Road, Chadderton, Oldham",OL9 8JW,Oldham,E08000004,-2.145326,53.52952
Done Brothers (Cash Betting) Limited,"Betfred, 5-6 Eldon Precinct, Oldham",OL8 1JP,Oldham,E08000004,-2.115052,53.53606
Done Brothers (Cash Betting) Limited,"Betfred, 5-7 Market Square, Royton, Oldham",OL2 5QD,Oldham,E08000004,-2.123393,53.566109
Done Brothers (Cash Betting) Limited,"Betfred, Unit 26, Chadderton Precinct, Middleton Road, Chadderton, Oldham",OL9 0LJ,Oldham,E08000004,-2.140778,53.545228
Done Brothers (Cash Betting) Limited,"Betfred, Unit 36B, Spindles Shopping Centre, Oldham",OL1 1HE,Oldham,E08000004,-2.114855,53.541103
Talarius Limited,"Winners Leisure, 19-21 Henshaw Street, Oldham",OL1 1NH,Oldham,E08000004,-2.115328,53.543026
Summit Leisure (Market St) Limited,"Shaws Amusements, 46 Market Street, Shaw, Oldham",OL2 8NH,Oldham,E08000004,-2.093915,53.577083
Ladbrokes Betting & Gaming Limited,"Ladbrokes, 13A Yorkshire Street, Oldham",OL1 3RZ,Oldham,E08000004,-2.110376,53.542294
Ladbrokes Betting & Gaming Limited,"Ladbrokes, 2 Hollins Road, Oldham",OL8 3EA,Oldham,E08000004,-2.112174,53.526113
Ladbrokes Betting & Gaming Limited,"Ladbrokes, 23A-25 Market Place, Oldham",OL1 3AB,Oldham,E08000004,-2.114541,53.542119
Ladbrokes Betting & Gaming Limited,"Ladbrokes, 25 Market Place, Oldham",OL1 3AB,Oldham,E08000004,-2.114541,53.542119
Ladbrokes Betting & Gaming Limited,"Ladbrokes, 265 Featherstall Road North, Oldham",OL1 2NJ,Oldham,E08000004,-2.125,53.548803
Ladbrokes Betting & Gaming Limited,"Ladbrokes, 283 Featherstall Road North, Oldham",OL1 2NH,Oldham,E08000004,-2.123481,53.549768
Ladbrokes Betting & Gaming Limited,"Ladbrokes, Adjacent to Asda Hollins Road, Oldham",OL8 4JZ,Oldham,E08000004,-2.13266,53.521499
Ladbrokes Betting & Gaming Limited,"Ladbrokes, Unit 27, Chadderton PresinctChadderton, Oldham",OL9 0LQ,Oldham,E08000004,-2.141005,53.545641
Ladbrokes Betting & Gaming Limited,"Ladbrokes, Unit 7, Huddersfield Road, District Centre, Oldham",OL4 2AE,Oldham,E08000004,-2.095412,53.544733
Ladbrokes Betting & Gaming Limited,"Ladbrokes Ltd, 312-318 Ashton Road, Oldham",OL8 3ED,Oldham,E08000004,-2.111724,53.526967
Ladbrokes Betting & Gaming Limited,"Paddy Power, 13-15 Henshaw Street, Oldham",OL1 1NH,Oldham,E08000004,-2.115328,53.543026
Ladbrokes Betting & Gaming Limited,"Unit 10 Chadderton Shopping Precinct, Middleton Road, Chadderton, Oldham",OL9 0LQ,Oldham,E08000004,-2.141005,53.545641
Frank Whitehouse Limited,"Whitehouse Bookmakers, 300 Lees Road, Oldham",OL4 1NZ,Oldham,E08000004,-2.088958,53.539894
Frank Whitehouse Limited,"Whitehouse Bookmakers, 692 Hollins Road, Oldham",OL8 4JZ,Oldham,E08000004,-2.13266,53.521499
Coral Racing Limited,"Coral, 6 Partington Street, Failsworth, Manchester",M35 9RD,Oldham,E08000004,-2.15409,53.508521
Coral Racing Limited,"Coral Racing Ltd, 11 Beal Lane, Shaw, Oldham",OL2 8UY,Oldham,E08000004,-2.091046,53.577328
Coral Racing Limited,"Coral Racing Ltd, 20-24 Henshaw Street, Oldham",OL1 3AA,Oldham,E08000004,-2.114995,53.542586
Coral Racing Limited,"Coral Racing Ltd, 4 High Street, Shaw, Oldham",OL2 8RQ,Oldham,E08000004,-2.094739,53.575526
Coral Racing Limited,"Coral Racing Ltd, 461 Huddersfield Road, Oldham",OL4 2HT,Oldham,E08000004,-2.077191,53.549627
Coral Racing Limited,"Coral Racing Ltd, 86/88 Market Street, Shaw, Oldham",OL2 8NP,Oldham,E08000004,-2.094032,53.575726
Coral Racing Limited,"Coral Racing Ltd, Unit 10 Failsworth Ship Centre, Oldham Road, Failsworth, Manchester",M35 0JE,Oldham,E08000004,-2.1760100000000002,53.503951
Coral Racing Limited,"Coral Racing Ltd, Unit 10, Failsworth Precinct, Failsworth, Manchester",M35 0EJ,Oldham,E08000004,-2.158734,53.508488
Coral Racing Limited,"Coral Racing Ltd, Unit 2 Failsworth Precinct, Manchester",M35 0FF,Oldham,E08000004,-2.158361,53.509567
Coral Racing Limited,"Coral Racing Ltd, Unit 2 Market Square, Oldham",OL2 5QD,Oldham,E08000004,-2.123393,53.566109
Mecca Bingo Limited,"Mecca Bingo, King Square, 24-28 King Street, Oldham",OL8 1DR,Oldham,E08000004,-2.118127,53.5403
Mecca Bingo Limited,"Mecca Bingo, King Square, 24-28 King Street, Oldham",OL8 1DR,Oldham,E08000004,-2.118127,53.5403
Mohammed Yousaf,"Royal Amusements, 18-20 Curzon Street, Oldham",OL1 3AG,Oldham,E08000004,-2.113739,53.542369
William Hill Organization Limited,"William Hill, 101 High Street, Lees, Oldham",OL4 4LY,Oldham,E08000004,-2.070863,53.537748
William Hill Organization Limited,"William Hill, 11-13 Market Street, Royton, Oldham",OL2 5QA,Oldham,E08000004,-2.12386,53.565731
William Hill Organization Limited,"William Hill, 12 Market Street, Shaw",OL2 8NH,Oldham,E08000004,-2.093915,53.577083
William Hill Organization Limited,"William Hill, 175 Huddersfield Road, Oldham",OL1 3PA,Oldham,E08000004,-2.090405,53.54701
William Hill Organization Limited,"William Hill, 18 High Street, Oldham",OL1 1JA,Oldham,E08000004,-2.112819,53.541797
William Hill Organization Limited,"William Hill, 2-4 Ashton Road East, Failsworth, Manchester",M35 9PT,Oldham,E08000004,-2.152785,53.510248
William Hill Organization Limited,"William Hill, 723A Oldham Road, Failsworth, Manchester",M35 9AU,Oldham,E08000004,-2.146584,53.518076
William Hill Organization Limited,"William Hill, 760/762 Oldham Road, Failsworth, Manchester",M35 9FE,Oldham,E08000004,-2.147244,53.516987
Tote (Successor Company) Limited,"Totesport, 5-6 Eldon Precinct, Oldham",OL8 1JP,Oldham,E08000004,-2.115052,53.53606
I Lewis (Commission Agents) Limited,"Lewis Bet Bookmakers, 313 Cutgate Shopping Precinct, Edenfield Road, Rochdale",OL11 5AQ,Rochdale,E08000005,-2.188671,53.622297
"Robert Holmes, Benjamin Robert Holmes & Ryan James Holmes","Bob Holmes Bookmaker, 6 Chapel Walks, Middleton, Manchester",M24 4QB,Rochdale,E08000005,-2.224724,53.544155
Power Leisure Bookmakers Limited,"Paddy Power, Ground Floor, 15 Yorkshire Street, Rochdale",OL16 1BH,Rochdale,E08000005,-2.158795,53.61721
Done Brothers (Cash Betting) Limited,"Betfred, 106 Manchester Street, Heywood",OL10 1DW,Rochdale,E08000005,-2.211868,53.589642
Done Brothers (Cash Betting) Limited,"Betfred, 183 Kirkway, Middleton, Manchester",M24 1LW,Rochdale,E08000005,-2.19261,53.537273
Done Brothers (Cash Betting) Limited,"Betfred, 23 Long Street, Middleton, Manchester",M24 6UQ,Rochdale,E08000005,-2.196462,53.551664
Done Brothers (Cash Betting) Limited,"Betfred, 61-63 Halifax Road, Rochdale",OL12 9BA,Rochdale,E08000005,-2.142923,53.626371
Done Brothers (Cash Betting) Limited,"Betfred, 7 Yorkshire Street, Rochdale",OL16 1BH,Rochdale,E08000005,-2.158795,53.61721
Done Brothers (Cash Betting) Limited,"Betfred, 80 Bury Street, Heywood",OL10 4QT,Rochdale,E08000005,-2.23405,53.593331
Done Brothers (Cash Betting) Limited,"Betfred, 820-822 Manchester Road, Rochdale",OL11 3AW,Rochdale,E08000005,-2.180229,53.592559
Done Brothers (Cash Betting) Limited,"Betfred, Unit 2 Mayfiled Public House, Albert Royds Street, Rochdale",OL16 2UE,Rochdale,E08000005,-2.133445,53.622329
Talarius Limited,"Quicksilver, 88/90 Yorkshire Street, Rochdale",OL16 1JX,Rochdale,E08000005,-2.156185,53.618823
Talarius Limited,"Quicksilver, G43-G44, Arndale Shopping Centre, Middleton, Manchester",M24 4EL,Rochdale,E08000005,-2.201051,53.548242
Ladbrokes Betting & Gaming Limited,"Ladbrokes, 13 The Butts, Rochdale",OL16 1ES,Rochdale,E08000005,-2.157661,53.617338
Ladbrokes Betting & Gaming Limited,"Ladbrokes, 2 The Strand, Kirkholt, Rochdale",OL11 2JG,Rochdale,E08000005,-2.156245,53.593988
Ladbrokes Betting & Gaming Limited,"Ladbrokes, 20 Argyle Parade, Heywood",OL10 3RY,Rochdale,E08000005,-2.241075,53.587888
Ladbrokes Betting & Gaming Limited,"Ladbrokes, 29 Church Street, Littleborough",OL15 8DA,Rochdale,E08000005,-2.094426,53.643767
Ladbrokes Betting & Gaming Limited,"Ladbrokes, 29 Tweedale Street, Rochdale",OL11 1HH,Rochdale,E08000005,-2.158252,53.610001
Ladbrokes Betting & Gaming Limited,"Ladbrokes, Unit 4, Amenity Building, Birch Motorway Service Station, Eastbound M62, Manchester",OL10 2QH,Rochdale,E08000005,-2.225403,53.566823
Ladbrokes Betting & Gaming Limited,"Ladbrokes, Unit 47/48, Middleton Shopping Centre, Middleton, Manchester",M24 4EL,Rochdale,E08000005,-2.201051,53.548242
Ladbrokes Betting & Gaming Limited,"Ladbrokes, Unit 6&7, Stone Street Precint, Newhey Road, Milnrow, Rochdale",OL16 4JD,Rochdale,E08000005,-2.107009,53.607093
Fraser Capital Management Limited,"Club 3000 Bingo, Arndale Centre, Middleton, Manchester",M24 4EL,Rochdale,E08000005,-2.201051,53.548242
David Pluck (North West) Limited,"David Pluck Racing, 14-16 Market Street, Heywood",OL10 4LY,Rochdale,E08000005,-2.22251,53.593829
Coral Racing Limited,"Coral Racing Ltd, 14A-16 Wood Street, Middleton, Manchester",M24 5TF,Rochdale,E08000005,-2.199128,53.55016
Coral Racing Limited,"Coral Racing Ltd, 25 Drake Street, Rochdale",OL16 1RX,Rochdale,E08000005,-2.155283,53.616305
Coral Racing Limited,"Coral Racing Ltd, 378 Lower Falinge, Rochdale, Lancashire",OL12 6BR,Rochdale,E08000005,-2.198055,53.630463
Coral Racing Limited,"Coral Racing LTD, 40 Yorkshire Street, Rochdale",OL16 1JN,Rochdale,E08000005,-2.158011,53.61776
Coral Racing Limited,"Coral Racing Ltd, 85 Milkstone Road, Rochdale",OL11 1NT,Rochdale,E08000005,-2.154636,53.608416
Mecca Bingo Limited,"Mecca Bingo, Smith Street, Rochdale",OL16 1YH,Rochdale,E08000005,-2.152824,53.617371
Moto Hospitality Limited,"Moto, Full House, AGC 2, Birch West Service Area, M62 Motorwa, Heywood",OL10 2QH,Rochdale,E08000005,-2.225403,53.566823
Moto Hospitality Limited,"Moto, Full House, Birch West Service Area, M62 Motorwa, Heywood",OL10 2QH,Rochdale,E08000005,-2.225403,53.566823
Moto Hospitality Limited,"Moto, Full House, Moto Birch East Bound, Heywood",OL10 2HQ,Rochdale,E08000005,-2.207978,53.585056
Moto Hospitality Limited,"Moto, Lucky Coin, Birch Services East Bound, Heywood",OL10 2HQ,Rochdale,E08000005,-2.207978,53.585056
Beacon Bingo Limited,"Showboat Holdings Ltd, 20-24 Yorkshire Street, Rochdale",OL16 1EN,Rochdale,E08000005,-2.158236,53.617319
Beacon Bingo Limited,"Showboat Holdings Ltd, 24 Yorkshire Steet, Rochdale",OL16 1EN,Rochdale,E08000005,-2.158236,53.617319
Jay Bee Leisure (Leigh) Limited,"Jay Bee Leisure, 55 Yorkshire Street, Rochdale",OL16 1BT,Rochdale,E08000005,-2.15756,53.618416
William Hill Organization Limited,"William Hill, 108 Yorkshire Street, Rochdale",OL16 1JY,Rochdale,E08000005,-2.155415,53.619084
William Hill Organization Limited,"William Hill, 112/114 Whitworth Road, Rochdale",OL12 0JG,Rochdale,E08000005,-2.155847,53.625376
William Hill Organization Limited,"William Hill, 162 Whitworth Road, Rochdale",OL12 0JG,Rochdale,E08000005,-2.155847,53.625376
William Hill Organization Limited,"William Hill, 1A Lakeland Court, Middleton, Manchester",M24 5QJ,Rochdale,E08000005,-2.215328,53.557188
William Hill Organization Limited,"William Hill, 223 Boarshaw Road, Middleton, Manchester",M24 2WQ,Rochdale,E08000005,-2.187053,53.55675
William Hill Organization Limited,"William Hill, 4/6 Baillie Street, Rochdale",OL16 1JG,Rochdale,E08000005,-2.157647,53.617508
William Hill Organization Limited,"William Hill, 409-411 Oldham Road, Rochdale",OL16 4SZ,Rochdale,E08000005,-2.146125,53.603439
William Hill Organization Limited,"William Hill, 446/448 Oldham Road, Middleton, Manchester",M24 2FA,Rochdale,E08000005,-2.177654,53.550787
William Hill Organization Limited,"William Hill, 47/49 Market Place, Heywood",OL10 4NL,Rochdale,E08000005,-2.219986,53.593708
William Hill Organization Limited,"William Hill, 50 Church Street, Littleborough",OL15 8AU,Rochdale,E08000005,-2.097829,53.643656
William Hill Organization Limited,"William Hill, 83 Whitworth Road, Rochdale",OL12 0RD,Rochdale,E08000005,-2.156041,53.624638
William Hill Organization Limited,"William Hill, 83 York Street, Heywood",OL10 4NR,Rochdale,E08000005,-2.215952,53.593544
William Hill Organization Limited,"William Hill, 8A & 8B Wood Street, Middleton, Manchester",M24 5TF,Rochdale,E08000005,-2.199128,53.55016
"William Edward Jeffries, Patrick Jeffries and Jason Jeffries","Jefferies Arcade, 39-41 Middleton Gardens, Middleton, Manchester",M24 1AB,Rochdale,E08000005,-2.198803,53.548471
Rank Leisure Limited,"Rank Leisure, Smith Street, Rochdale",OL16 1YH,Rochdale,E08000005,-2.152824,53.617371
Wallis Leisure Limited,"Wallis's Amusements, 49 Lake Bank, Littleborough",OL15 0DQ,Rochdale,E08000005,-2.102761,53.631527
Palatial Leisure Limited,"Palace Bingo Club, 14 Great Clowes Street, Salford",M7 1RE,Salford,E08000006,-2.259258,53.490901
Genting Casinos UK Limited,"Genting Casino Salford, Cromwell Road, Castle Irwell, Salford",M6 6DA,Salford,E08000006,-2.27257,53.498771
Grosvenor Casinos Limited,"Salford Grosvenor Casino, 5 Derwent Street, Salford",M5 4SW,Salford,E08000006,-2.264106,53.475412
Megabet UK Limited,"Stan James, 696-698 Bolton Road, Pendlebury, Swinton, Manchester",M27 6EL,Salford,E08000006,-2.333786,53.519254
Done Brothers (Cash Betting) Limited,"Betfred, 110 Monton Road, Eccles, Manchester",M30 9PY,Salford,E08000006,-2.351682,53.49124
Done Brothers (Cash Betting) Limited,"Betfred, 15 Mocha Parade, Salford",M7 1QE,Salford,E08000006,-2.260831,53.491734
Done Brothers (Cash Betting) Limited,"Betfred, 177-179 Langworthy Road, Salford",M6 5PW,Salford,E08000006,-2.295174,53.486395
Done Brothers (Cash Betting) Limited,"Betfred, 192A-192B Liverpool Road, Cadishead, Manchester",M44 5DB,Salford,E08000006,-2.439488,53.423715
Done Brothers (Cash Betting) Limited,"Betfred, 21 The Parade, Swinton, Manchester",M27 4BH,Salford,E08000006,-2.338782,53.512435
Done Brothers (Cash Betting) Limited,"Betfred, 220 Chapel Street, Salford",M3 5LE,Salford,E08000006,-2.259422,53.483511
Done Brothers (Cash Betting) Limited,"Betfred, 276-278 Liverpool Road, Eccles, Manchester",M30 0RZ,Salford,E08000006,-2.35658,53.482111
Done Brothers (Cash Betting) Limited,"Betfred, 307-309 Littleton Road, Salford",M7 3TA,Salford,E08000006,-2.280008,53.503968
Done Brothers (Cash Betting) Limited,"Betfred, 333-335 Bolton Road, Salford",M6 7GU,Salford,E08000006,-2.30651,53.499346
Done Brothers (Cash Betting) Limited,"Betfred, 392 Worsley Road, Eccles, Manchester",M30 8HQ,Salford,E08000006,-2.372893,53.491733
Done Brothers (Cash Betting) Limited,"Betfred, 43-44 Hankinson Way, Salford",M6 5JA,Salford,E08000006,-2.28663,53.488879
Done Brothers (Cash Betting) Limited,"Betfred, 498-502 Liverpool Road, Manchester",M30 7HZ,Salford,E08000006,-2.364765,53.478949
Done Brothers (Cash Betting) Limited,"Betfred, 5 Standfield Centre, Manchester",M28 1FB,Salford,E08000006,-2.416095,53.503006
Done Brothers (Cash Betting) Limited,"Betfred, 500 Manchester Road East, Little Hulton, Manchester",M38 9NS,Salford,E08000006,-2.421842,53.53058
Done Brothers (Cash Betting) Limited,"Betfred, 582-584 Bolton Road, Pendlebury, Swinton, Manchester",M27 4ET,Salford,E08000006,-2.330998,53.517599
Done Brothers (Cash Betting) Limited,"Betfred, 6 Union Terrace, Bury Old Road",M7 4ZH,Salford,E08000006,-2.245864,53.512583
Done Brothers (Cash Betting) Limited,"Betfred, 64 Church Street, Eccles, Manchester",M30 0DA,Salford,E08000006,-2.336019,53.483365
Done Brothers (Cash Betting) Limited,"Betfred, 67 Tootal Road, Salford",M5 5EG,Salford,E08000006,-2.310591,53.484522
Done Brothers (Cash Betting) Limited,"Betfred, 80 Pendleton Way, Salford",M6 5FW,Salford,E08000006,-2.289026,53.488703
Done Brothers (Cash Betting) Limited,"Betfred, 92-94 Liverpool Road, Irlam, Manchester",M44 6FN,Salford,E08000006,-2.409927,53.452835
Done Brothers (Cash Betting) Limited,"Betfred, Broughton Road, Salford",M6 6LS,Salford,E08000006,-2.283855,53.493074
Done Brothers (Cash Betting) Limited,"Betfred, Unit 150/151  Ellesmere Shopping Centre, Bolton Road, Worsley, Manchester",M28 3ZH,Salford,E08000006,-2.400383,53.525045
Done Brothers (Cash Betting) Limited,"Betfred, Unit 4 Radclyffe Park, Trafford Road, Salford",M5 3PH,Salford,E08000006,-2.280971,53.473981
Done Brothers (Cash Betting) Limited,"Done Bookmakers, Unit 21-23  The Parade, Swinton, Manchester",M27 4BH,Salford,E08000006,-2.338782,53.512435
Talarius Limited,"Quicksilver, 81 Pendleton Way, Salford",M6 5FW,Salford,E08000006,-2.289026,53.488703
Summit Leisure (Swinton) Limited,"Shaws Amusements, 93 The Parade, Swinton, Manchester",M27 4BD,Salford,E08000006,-2.33786,53.511926
Ladbrokes Betting & Gaming Limited,"Ladbrokes, 114 Sutton Way, Salford Shopping City, Salford",M6 5HS,Salford,E08000006,-2.287944,53.489164
Ladbrokes Betting & Gaming Limited,"Ladbrokes, 267 Great Cheetham Street East, Salford",M7 4UF,Salford,E08000006,-2.254856,53.503162
Ladbrokes Betting & Gaming Limited,"Ladbrokes, 38 Hulton District Centre, Worsley, Manchester",M28 0AU,Salford,E08000006,-2.423225,53.530063
Reel Leisure Limited,"Reel Time, Unit 1, 100/102 Church Street, Eccles, Manchester",M30 0LH,Salford,E08000006,-2.337072,53.482968
Reel Leisure Limited,"Reel Time, Unit 2, 100/102 Church Street, Eccles, Manchester",M30 0LH,Salford,E08000006,-2.337072,53.482968
Luxury Leisure,"Admiral, 9 Union Terrace, Bury Old Road, Salford",M7 4ZH,Salford,E08000006,-2.245864,53.512583
Luxury Leisure,"Nobles Amusements, Unit 1, 15 The Mall, Eccles, Manchester",M30 0EA,Salford,E08000006,-2.336505,53.483867
Fraser Capital Management Limited,"Club 3000, Unit 212, First Floor, Upper Lady Harriet Walk, Bolton Road, Worsley, Manchester",M28 3TZ,Salford,E08000006,-2.40025,53.525432
Gala Leisure Limited,"Gala Clubs, (Area 1) Hankinson Way, Salford",M6 5JA,Salford,E08000006,-2.28663,53.488879
Gala Leisure Limited,"Gala Clubs, Hankinson Way, Salford",M6 5JA,Salford,E08000006,-2.28663,53.488879
Coral Racing Limited,"Coral Racing Ltd, 35-37 Church Street, Eccles, Manchester",M30 0BJ,Salford,E08000006,-2.335435,53.483691
Coral Racing Limited,"Coral Racing Ltd, 5 The Parade, Swinton, Manchester",M27 4BH,Salford,E08000006,-2.338782,53.512435
Coral Racing Limited,"Coral Racing Ltd, Unit 61, Ellesmere Shopping Centre, Bolton Road, Worsley, Manchester",M28 3ZD,Salford,E08000006,-2.400262,53.525045
William Hill Organization Limited,"William Hill, 602 Bolton Road Pendlebury, Swinton, Manchester",M27 4ET,Salford,E08000006,-2.330998,53.517599
William Hill Organization Limited,"William Hill, 12 Union Terrace, Bury Old Road, Salford",M7 4ZH,Salford,E08000006,-2.245864,53.512583
William Hill Organization Limited,"William Hill, 132 Walkden Road, Manchester",M28 7DP,Salford,E08000006,-2.396418,53.519034
William Hill Organization Limited,"William Hill, 161 Langworthy Road, Salford",M6 5PW,Salford,E08000006,-2.295174,53.486395
William Hill Organization Limited,"William Hill, 243 Manchester Road, Swinton, Manchester",M27 4TT,Salford,E08000006,-2.331361,53.508053
William Hill Organization Limited,"William Hill, 375 Bolton Road, Salford",M6 7NJ,Salford,E08000006,-2.308735,53.500671
William Hill Organization Limited,"William Hill, 465 Chorley Road, Manchester",M27 9RH,Salford,E08000006,-2.351199,53.516866
William Hill Organization Limited,"William Hill, 47-48 Market Way, Salford",M6 5HG,Salford,E08000006,-2.288208,53.488129
William Hill Organization Limited,"William Hill, 505-507 Liverpool Street, Salford",M6 5QQ,Salford,E08000006,-2.296843,53.483785
William Hill Organization Limited,"William Hill, 547 Liverpool Road, Irlam, Manchester",M44 6ZT,Salford,E08000006,-2.427519,53.438354
William Hill Organization Limited,"William Hill, 56 Church Street, Eccles, Manchester",M30 0DF,Salford,E08000006,-2.335067,53.484771
William Hill Organization Limited,"William Hill, Unit 9, Hulton District Centre, Worsley, Manchester",M28 0BA,Salford,E08000006,-2.422182,53.529887
William Hill Organization Limited,"William Hill, Unit C, 311 Liverpool Road, Eccles, Manchester",M30 0QN,Salford,E08000006,-2.357027,53.481544
Cashino Gaming Limited,"Cashino Gaming Limited, Unit 1, 15 The Mall, Eccles, Manchester",M30 0EA,Salford,E08000006,-2.336505,53.483867
I Lewis (Commission Agents) Limited,"Lewis Bookmakers, 100-102 Castle Street, Stockport",SK3 9AL,Stockport,E08000007,-2.168383,53.401628
I Lewis (Commission Agents) Limited,"Lewis Bookmakers, 6-8 Broadstone Road, Stockport",SK5 7AE,Stockport,E08000007,-2.161432,53.436765
Done Brothers (Cash Betting) Limited,"Betfred, 101 London Road, Hazel Grove, Stockport",SK7 4AX,Stockport,E08000007,-2.124228,53.382258
Done Brothers (Cash Betting) Limited,"Betfred, 111 Princes Street, Stockport",SK1 1RW,Stockport,E08000007,-2.16171,53.411058
Done Brothers (Cash Betting) Limited,"Betfred, 19 Warren Street, Stockport",SK1 1UD,Stockport,E08000007,-2.157474,53.412663
Done Brothers (Cash Betting) Limited,"Betfred, 236 Finney Lane, Heald Green, Cheadle",SK8 3QA,Stockport,E08000007,-2.232043,53.370178
Done Brothers (Cash Betting) Limited,"Betfred, 3 Fiveways Parade, Hazel Grove, Stockport",SK7 6DG,Stockport,E08000007,-2.114222,53.367913
Done Brothers (Cash Betting) Limited,"Betfred, Unit 30B, Cheadle Hulme Shopping Precinc, Cheadle",SK8 5AF,Stockport,E08000007,-2.189269,53.376914
Talarius Limited,"Quicksilver, Winners Gold Room, 73-75 Princes Street, Stockport",SK1 1RW,Stockport,E08000007,-2.16171,53.411058
Talarius Limited,"Winners, 73-75 Princes Street, Stockport",SK1 1RJ,Stockport,E08000007,-2.162222,53.411174
Ladbrokes Betting & Gaming Limited,"Ladbrokes, 1 Church Road, Gatley, Cheadle",SK8 4NG,Stockport,E08000007,-2.235845,53.39186
Ladbrokes Betting & Gaming Limited,"Ladbrokes, 16-18 Great Underbank, Stockport",SK1 1LW,Stockport,E08000007,-2.158493,53.411475
Ladbrokes Betting & Gaming Limited,"Ladbrokes, Unit 1, Woodley Precinct, Woodley, Stockport",SK6 1RJ,Stockport,E08000007,-2.101211,53.426162
Reel Leisure Limited,"Reel Time, Unit 1 , 17-19 Great Underbank, Stockport",SK1 1LF,Stockport,E08000007,-2.157816,53.411575
Reel Leisure Limited,"Reel Time, Unit 2 , 17-19 Great Underbank, Stockport",SK1 1LF,Stockport,E08000007,-2.157816,53.411575
Reel Leisure Limited,"Reel Time, Unit 3 , 17-19 Great Underbank, Stockport",SK1 1LF,Stockport,E08000007,-2.157816,53.411575
Reel Leisure Limited,"Reel Time, Unit 4, 17-19 Great Underbank, Stockport",SK1 1LF,Stockport,E08000007,-2.157816,53.411575
David Pluck (North West) Limited,"David Pluck Bookmakers, 42 High Street, Cheadle",SK8 1AE,Stockport,E08000007,-2.21619,53.394648
David Pluck (North West) Limited,"David Pluck Racing, 349 Buxton Road, Stockport",SK2 7NL,Stockport,E08000007,-2.136591,53.388815
Gala Leisure Limited,"Gala Clubs, 30 Newbridge Lane, Stockport",SK1 2NA,Stockport,E08000007,-2.150384,53.411369
Gala Leisure Limited,"Gala Clubs, Area 2, 30 Newbridge Lane, Stockport",SK1 2NA,Stockport,E08000007,-2.150384,53.411369
Gala Leisure Limited,"Gala Clubs, Area 3, 30 Newbridge Lane, Stockport",SK1 2NA,Stockport,E08000007,-2.150384,53.411369
Gala Leisure Limited,"Gala Clubs, Area 4, 30 Newbridge Lane, Stockport",SK1 2NA,Stockport,E08000007,-2.150384,53.411369
Coral Racing Limited,"Coral, 95 Church Lane, Marple, Stockport",SK6 7AW,Stockport,E08000007,-2.066006,53.393666
Coral Racing Limited,"Coral Bookmakers, 108 Heaton Moor Road, Stockport",SK4 4NZ,Stockport,E08000007,-2.183364,53.423348
Coral Racing Limited,"Coral Bookmakers Paul Dean Bookmakers, 478 Didsbury Road, Stockport",SK4 3BS,Stockport,E08000007,-2.205509,53.412338
Coral Racing Limited,"Coral Racing Ltd, 21 The Precinct, Romiley, Stockport",SK6 4EA,Stockport,E08000007,-2.08597,53.413822
Coral Racing Limited,"Coral Racing Ltd, 258 Finney Lane, Heald Green, Cheadle",SK8 3QD,Stockport,E08000007,-2.234718,53.370308
Coral Racing Limited,"Corals, 162 Higher Bents Lane, Bredbury, Stockport",SK6 2LU,Stockport,E08000007,-2.105971,53.416154
Coral Racing Limited,"Showboat Casino Slots, 1a Princes Street, Stockport",SK1 1SL,Stockport,E08000007,-2.159502,53.412246
William Hill Organization Limited,"William Hill, 140 Lisburne Lane, Stockport",SK2 5RH,Stockport,E08000007,-2.12364,53.397369
William Hill Organization Limited,"William Hill, 153 Councillor Lane, Cheadle",SK8 2JE,Stockport,E08000007,-2.194159,53.391081
William Hill Organization Limited,"William Hill, 154-156 Grenville Street, Stockport",SK3 9EU,Stockport,E08000007,-2.170052,53.401707
William Hill Organization Limited,"William Hill, 17 Castle Street, Stockport",SK3 9AT,Stockport,E08000007,-2.165015,53.402029
William Hill Organization Limited,"William Hill, 18 Princes Street, Stockport",SK1 1SE,Stockport,E08000007,-2.159865,53.412462
William Hill Organization Limited,"William Hill, 186-188 London Road, Hazel Grove, Stockport",SK7 4DQ,Stockport,E08000007,-2.121936,53.379834
William Hill Organization Limited,"William Hill, 19 High Street, Cheadle",SK8 1AX,Stockport,E08000007,-2.214146,53.394733
William Hill Organization Limited,"William Hill, 226 Moss Lane, Bramhall, Stockport",SK7 1BD,Stockport,E08000007,-2.1681,53.356785
William Hill Organization Limited,"William Hill, 276 Adswood Road, Stockport",SK3 8PN,Stockport,E08000007,-2.169883,53.389393
William Hill Organization Limited,"William Hill, 41 Woodley Precinct, Woodley, Stockport",SK6 1RJ,Stockport,E08000007,-2.101211,53.426162
William Hill Organization Limited,"William Hill, 418-420 Manchester Road, Stockport",SK4 5BY,Stockport,E08000007,-2.175063,53.427955
William Hill Organization Limited,"William Hill, 5-9 Leamington Road, Stockport",SK5 6BD,Stockport,E08000007,-2.161254,53.437449
William Hill Organization Limited,"William Hill, 604-608 Gorton Road, Stockport",SK5 6RE,Stockport,E08000007,-2.157535,53.453444
William Hill Organization Limited,"William Hill, 64-66 Buxton Road, Stockport",SK2 6NB,Stockport,E08000007,-2.150662,53.396421
William Hill Organization Limited,"William Hill, 8 Little Underbank, Stockport",SK1 1JT,Stockport,E08000007,-2.157347,53.410857
William Hill Organization Limited,"William Hill, Brinnignton Shopping Centre, 7-8 Exeter Road, Stockport",SK5 8BA,Stockport,E08000007,-2.135581,53.425768
Tote (Successor Company) Limited,"Totesport, 32 Gorton Road, Stockport",SK5 6AE,Stockport,E08000007,-2.159418,53.438133
Cashino Gaming Limited,"Cashino, 1a Princes Street, Stockport",SK1 1SL,Stockport,E08000007,-2.159502,53.412246
Casino 36 Limited,"Casino 36 Limited, Cheshire Sporting Club Ltd, 36 St Petersgate, Stockport",SK1 1HD,Stockport,E08000007,-2.157962,53.410361
Grosvenor Casinos (GC) Limited,"Stockport Grosvenor Casino, 59 Wellington Street, Stockport",SK1 3AD,Stockport,E08000007,-2.158733,53.407815
I Lewis (Commission Agents) Limited,"Lewis Bookmakers, 2-2A Stockport Road, Denton, Manchester",M34 6DA,Tameside,E08000008,-2.113826,53.455939
I Lewis (Commission Agents) Limited,"Lewis Bookmakers, 5/7 Stockport Road, Denton, Manchester",M34 6DB,Tameside,E08000008,-2.113344,53.455741
Power Leisure Bookmakers Limited,"Paddy Power, 39 Warrington Street, Ashton-Under-Lyne",OL6 7JG,Tameside,E08000008,-2.094245,53.488501
Power Leisure Bookmakers Limited,"Paddy Power, Ground Floor 5 Market Place, Hyde",SK14 2LX,Tameside,E08000008,-2.078368,53.451696
Done Brothers (Cash Betting) Limited,"Betfred, 101 Haughton Green Road, Denton, Manchester",M34 7GR,Tameside,E08000008,-2.097754,53.441472
Done Brothers (Cash Betting) Limited,"Betfred, 16A Market Place, Hyde",SK14 2QU,Tameside,E08000008,-2.077705,53.451384
Done Brothers (Cash Betting) Limited,"Betfred, 177-179 Stockport Road, Denton, Manchester",M34 6AQ,Tameside,E08000008,-2.110802,53.45116
Done Brothers (Cash Betting) Limited,"Betfred, 2 Bennett Street, Hyde",SK14 4TQ,Tameside,E08000008,-2.076627,53.462889
Done Brothers (Cash Betting) Limited,"Betfred, Unit 16A, Katherine Street, Arcades Shopping Centre, Ashton-Under-Lyme",OL6 7JE,Tameside,E08000008,-2.096568,53.489362
Done Brothers (Cash Betting) Limited,"Betfred, Unit 16C, Katherine Street, Arcades Shopping Centre, Ashton-Under-Lyme",OL6 7JE,Tameside,E08000008,-2.096568,53.489362
Done Brothers (Cash Betting) Limited,"Betfred, Unit 4, The Arcades, Warrington Street, Ashton-Under-Lyne",OL6 7JD,Tameside,E08000008,-2.096569,53.489346
Done Brothers (Cash Betting) Limited,"Betfred, Unit 40, The Arcades, Warrington Street, Ashton-Under-Lyne",OL6 7JD,Tameside,E08000008,-2.096569,53.489346
Ladbrokes Betting & Gaming Limited,"Ladbrokes, 131 Market Street, Droylsden, Manchester",M43 7AR,Tameside,E08000008,-2.145323,53.480297
Ladbrokes Betting & Gaming Limited,"Ladbrokes, 17 Market Street, Hyde",SK14 2AD,Tameside,E08000008,-2.080869,53.452244
Ladbrokes Betting & Gaming Limited,"Ladbrokes, 20,22 Queens Walk, Droylsden, Manchester",M43 7AR,Tameside,E08000008,-2.145323,53.480297
Ladbrokes Betting & Gaming Limited,"Ladbrokes, 34, 36 & 38 Grosvenor Street, Stalybridge",SK15 2JN,Tameside,E08000008,-2.056935,53.481282
Ladbrokes Betting & Gaming Limited,"Ladbrokes, 36-38 Staveleigh Mall, Ladysmith Centre, Ashton-Under-Lyne",OL6 7JJ,Tameside,E08000008,-2.095873,53.488761
Ladbrokes Betting & Gaming Limited,"Ladbrokes, 92 Market Street, Hyde",SK14 1ES,Tameside,E08000008,-2.078847,53.450106
Luxury Leisure,"Luxary Leisure, 41-47 Market Avenue, Ashton-Under_lyme",OL6 6BT,Tameside,E08000008,-2.092904,53.488745
Cosmo Leisure Limited,"Cosmo Bingo Club, 62-64 Market Street, Stalybridge",SK15 2AB,Tameside,E08000008,-2.057527,53.483942
David Pluck (North West) Limited,"David Pluck Racing, 105-107 Reddish Lane, Denton, Manchester",M34 2NF,Tameside,E08000008,-2.158111,53.454585
David Pluck (North West) Limited,"David Pluck Racing, 130-132 Market Street, Droylsden, Manchester",M43 7AA,Tameside,E08000008,-2.144872,53.480309
David Pluck (North West) Limited,"David Pluck Racing, Unit 1 28-36 Melbourne Street, Stalybridge",SK15 2JJ,Tameside,E08000008,-2.057161,53.482125
Gala Leisure Limited,"Gala Bingo - Ashton-under-Lyne, 108 Wellington Road, Ashton-Under-Lyne",OL6 6DJ,Tameside,E08000008,-2.097734,53.491251
Coral Racing Limited,"Coral, 174 Talbot Road, Hyde",SK14 4HJ,Tameside,E08000008,-2.061235,53.464301
Coral Racing Limited,"Coral, Unit 4, Valley Parade, Hattersley",SK14 3HW,Tameside,E08000008,-2.04027,53.450189
Coral Racing Limited,"Coral Racing Ltd, 240 Kings Road, Ashton-Under-Lyne",OL6 8HD,Tameside,E08000008,-2.079438,53.500414
Coral Racing Limited,"Coral Racing Ltd, 252-254 Whiteacre Road, Ashton-Under-Lyne",OL6 9QB,Tameside,E08000008,-2.080017,53.495632
Coral Racing Limited,"Coral Racing Ltd, 26 Warrington Street, The Old Post Office, Ashton-Under-Lyne",OL6 6AS,Tameside,E08000008,-2.093129,53.487776
Coral Racing Limited,"Coral Racing Ltd, 32 Ashton Road, Denton, Manchester",M34 3EX,Tameside,E08000008,-2.113964,53.456864
Coral Racing Limited,"Coral Racing Ltd, 336 Oldham Road, Ashton-Under-Lyne",OL7 9AU,Tameside,E08000008,-2.103116,53.49848
Coral Racing Limited,"Coral Racing Ltd, 45 Grosvenor Street, Stalybridge",SK15 2JN,Tameside,E08000008,-2.056935,53.481282
Coral Racing Limited,"Coral Racing Ltd, 48 Stamford Square, Ashton-Under-Lyne",OL6 6QW,Tameside,E08000008,-2.078268,53.486906
Coral Racing Limited,"Coral Racing Ltd, 7 Chapel Street, Audenshaw, Manchester",M34 5DE,Tameside,E08000008,-2.112008,53.46874
Coral Racing Limited,"Coral Racing Ltd, 86 Stockport Road, Ashton-Under-Lyne",OL7 0LH,Tameside,E08000008,-2.107504,53.480771
Coral Racing Limited,"Coral Racing Ltd, Unit L, Droylsden Shopping Centre, Droylsden",M43 6DE,Tameside,E08000008,-2.145635,53.478959
William Hill Organization Limited,"William Hill, 10 Melbourne Street, Stalybridge",SK15 2JE,Tameside,E08000008,-2.057706,53.48325
William Hill Organization Limited,"William Hill, 1068 Ashton New Road, Manchester",M11 4PE,Tameside,E08000008,-2.167868,53.480935
William Hill Organization Limited,"William Hill, 113-117 King Street, Dukinfield",SK16 4NQ,Tameside,E08000008,-2.09397,53.479909
William Hill Organization Limited,"William Hill, 135-137 Market Street, Droylsden, Manchester",M43 7AR,Tameside,E08000008,-2.145323,53.480297
William Hill Organization Limited,"William Hill, 142 Cheetham Hill Road, Dukinfield",SK16 5JJ,Tameside,E08000008,-2.07008,53.475343
William Hill Organization Limited,"William Hill, 3-5 Manchester Road, Denton, Manchester",M34 3JU,Tameside,E08000008,-2.115317,53.456036
William Hill Organization Limited,"William Hill, 37 Old Street, Ashton-Under-Lyne",OL6 6BB,Tameside,E08000008,-2.092241,53.488415
William Hill Organization Limited,"William Hill, 9 Market Place, Hyde",SK14 2LX,Tameside,E08000008,-2.078368,53.451696
William Hill Organization Limited,"William Hill, Fiveways, 164A Greenside Lane, Droylsden, Manchester",M43 7UR,Tameside,E08000008,-2.151021,53.484858
T E Cordwell (Hyde) Limited,"T E Cordwell (Hyde), 5 Clarendon Street, Hyde",SK14 2EL,Tameside,E08000008,-2.079016,53.452057
T E Cordwell (Hyde) Limited,"T E Cordwell (Hyde), 64 Market Street, Hyde",SK14 1ES,Tameside,E08000008,-2.078847,53.450106
Done Brothers (Cash Betting) Limited,"Betfred, 100 George Street, Altrincham",WA14 1RF,Trafford,E08000009,-2.351119,53.386595
Done Brothers (Cash Betting) Limited,"Betfred, 107 Ayres Road, Manchester",M16 7GS,Trafford,E08000009,-2.267615,53.458434
Done Brothers (Cash Betting) Limited,"Betfred, 175 Chorlton Road, Manchester",M16 7WS,Trafford,E08000009,-2.257935,53.45913
Done Brothers (Cash Betting) Limited,"Betfred, 34 Hale Road, Altrincham",WA14 2EX,Trafford,E08000009,-2.348311,53.381446
Done Brothers (Cash Betting) Limited,"Betfred, 349 Stockport Road, Timperley, Altrincham",WA15 7UG,Trafford,E08000009,-2.318996,53.397474
Done Brothers (Cash Betting) Limited,"Betfred, 41 School Road, Sale",M33 7YE,Trafford,E08000009,-2.322663,53.424978
Done Brothers (Cash Betting) Limited,"Betfred, 58 Coppice Avenue, Sale",M33 4WB,Trafford,E08000009,-2.348768,53.415269
Done Brothers (Cash Betting) Limited,"Betfred, 8 Brooklands Road, Sale",M33 3SQ,Trafford,E08000009,-2.325234,53.416836000000004
Done Brothers (Cash Betting) Limited,"Betfred, 890 Chester Road, Stretford, Manchester",M32 0PA,Trafford,E08000009,-2.299481,53.453882
Done Brothers (Cash Betting) Limited,"Betfred, 9/9A Lostock Road, Urmston, Manchester",M41 0SU,Trafford,E08000009,-2.35454,53.458028
Talarius Limited,"Quicksilver, 36 School Road, Sale",M33 7XF,Trafford,E08000009,-2.320903,53.425054
Summit Leisure (Deansgate) Limited,"Shaws Amusements, 65 School Road, Sale",M33 7YF,Trafford,E08000009,-2.323402,53.425145
Ladbrokes Betting & Gaming Limited,"Ladbrokes, 2A-4 Regent Road, Altrincham",WA14 1RE,Trafford,E08000009,-2.351442,53.385669
Ladbrokes Betting & Gaming Limited,"Ladbrokes, 676 Chester Road, Stretford, Manchester",M32 0SF,Trafford,E08000009,-2.288659,53.461369
Ladbrokes Betting & Gaming Limited,"Ladbrokes, 9b Lostock Road, Urmston, Manchester",M41 0SU,Trafford,E08000009,-2.35454,53.458028
Ladbrokes Betting & Gaming Limited,"Ladbrokes, Unit 123, Arndale Centre, Stretford, Manchester",M32 9BH,Trafford,E08000009,-2.308709,53.445131
Reel Leisure Limited,"Reel Time, 5-7 Shaws Road, Altrincham",WA14 1QU,Trafford,E08000009,-2.35129,53.387377
Fraser Capital Management Limited,"Club 3000 Bingo, 601 Chester Road, Manchester",M16 0QW,Trafford,E08000009,-2.276587,53.46245
NAMCO UK Limited,"Namco Station, Unit 1, 13-17 The Orient, The Trafford Centre, Manchester",M17 8ED,Trafford,E08000009,-2.349005,53.466179
David Pluck (North West) Limited,"David Pluck Racing, 12 Northenden Road, Sale",M33 3BR,Trafford,E08000009,-2.316951,53.423816
David Pluck (North West) Limited,"David Pluck Racing, 141 Northenden Road, Sale",M33 3HF,Trafford,E08000009,-2.304527,53.420287
Coral Racing Limited,"Coral Racing Ltd, 19A School Road, Sale",M33 7XX,Trafford,E08000009,-2.321157,53.424784
Coral Racing Limited,"Coral Racing Ltd, 384 Northenden Road, Sale",M33 2PT,Trafford,E08000009,-2.290655,53.418372
Coral Racing Limited,"Coral Racing Ltd, 408 Barton Road, Stretford, Manchester",M32 9RW,Trafford,E08000009,-2.325839,53.454577
Coral Racing Limited,"Coral Racing Ltd, 5A-7  Flixton Road, Manchester",M41 5AW,Trafford,E08000009,-2.355392,53.448255
Coral Racing Limited,"Coral Racing Ltd, 8/10 Green Lane, Sale",M33 5PH,Trafford,E08000009,-2.341629,53.429338
Coral Racing Limited,"Coral Racing Ltd, 87 Great Stone Road, Stretford, Manchester",M32 8GR,Trafford,E08000009,-2.286268,53.453007
Mecca Bingo Limited,"Mecca Bingo, 56 Washway Road, Sale",M33 7QZ,Trafford,E08000009,-2.327456,53.423985
William Hill Organization Limited,"William Hill, Plot 3, Unit 18, Golden Way, Eden Square Shopping Centre, Urmston",M41 0NA,Trafford,E08000009,-2.354722,53.449093
William Hill Organization Limited,"William Hill, 13 Woodsend Circle, Urmston, Manchester",M41 8GY,Trafford,E08000009,-2.393919,53.452824
William Hill Organization Limited,"William Hill, 147-151 Marsland Road, Sale",M33 3HS,Trafford,E08000009,-2.308856,53.417698
William Hill Organization Limited,"William Hill, 147-151 Northenden Road, Sale",M33 2HS,Trafford,E08000009,-2.30323,53.420031
William Hill Organization Limited,"William Hill, 19C School Road, Sale",M33 7XX,Trafford,E08000009,-2.321157,53.424784
William Hill Organization Limited,"William Hill, 256 Stockport Road, Timperley, Altrincham",WA15 7UT,Trafford,E08000009,-2.317462,53.397568
William Hill Organization Limited,"William Hill, 27 Chorlton Street, Manchester",M16 9HN,Trafford,E08000009,-2.268628,53.463906
William Hill Organization Limited,"William Hill, 28 Moss Road, Stretford, Manchester",M32 0AH,Trafford,E08000009,-2.310018,53.451213
William Hill Organization Limited,"William Hill, 5 Partington Shopping Centre, Manchester",M31 4EL,Trafford,E08000009,-2.425623,53.418811
William Hill Organization Limited,"William Hill, 5 Talbot Road, Old Trafford, Manchester",M16 0QT,Trafford,E08000009,-2.286001,53.460243
William Hill Organization Limited,"William Hill, 85 Manchester Road, Altrincham",WA14 4RJ,Trafford,E08000009,-2.352422,53.396795
William Hill Organization Limited,"William Hill, Unit 4  Woodsend Circle Neighbourhood Centre Flixton, Manchester",M41 8GY,Trafford,E08000009,-2.393919,53.452824
Rank Leisure Limited,"Rank Leisure, 56 Washway Road, Sale",M33 7RA,Trafford,E08000009,-2.328448,53.423874
Summit Leisure (KC) Limited,"Summit Leisure, 65/65A School Road, Sale",M33 7YF,Trafford,E08000009,-2.323402,53.425145
Harold Arthur Smith,"Harold Smith Bookmakers, 3 , Stone Cross Lane North, Lowton, Warrington",WA3 2SA,Wigan,E08000010,-2.581607,53.474612
Done Brothers (Cash Betting) Limited,"Bet Fred, Unit5/6 Bryn Road, Ashton-in-Makerfield, Wigan",WN4 0AA,Wigan,E08000010,-2.64739,53.501554
Done Brothers (Cash Betting) Limited,"Betfred, 100 Bolton Road, Atherton, Manchester",M46 9JY,Wigan,E08000010,-2.485507,53.526752
Done Brothers (Cash Betting) Limited,"Betfred, 115-117 Scholes Precinct, Wigan",WN1 3SD,Wigan,E08000010,-2.622462,53.546323
Done Brothers (Cash Betting) Limited,"Betfred, 162-164 Manchester Road, Ince, Wigan",WN2 2EA,Wigan,E08000010,-2.603835,53.54285
Done Brothers (Cash Betting) Limited,"Betfred, 215A-217 Elliott Street, Tyldesley, Manchester",M29 8DG,Wigan,E08000010,-2.463798,53.514191
Done Brothers (Cash Betting) Limited,"Betfred, 22 Wallgate, Wigan",WN1 1JU,Wigan,E08000010,-2.632693,53.545233
Done Brothers (Cash Betting) Limited,"Betfred, 236 Scholes, Wigan",WN1 3NH,Wigan,E08000010,-2.620127,53.54967
Done Brothers (Cash Betting) Limited,"Betfred, 236 Scholes, Wigan",WN1 3NH,Wigan,E08000010,-2.620127,53.54967
Done Brothers (Cash Betting) Limited,"Betfred, 26 Heath Street, Golborne, Warrington",WA3 3AD,Wigan,E08000010,-2.598552,53.476443
Done Brothers (Cash Betting) Limited,"Betfred, 3 Retail Development, Gerrard Street, Wigan",WN4 9AN,Wigan,E08000010,-2.636989,53.486545
Done Brothers (Cash Betting) Limited,"Betfred, 34 Bradshawgate, Leigh",WN7 4LA,Wigan,E08000010,-2.517038,53.496131
Done Brothers (Cash Betting) Limited,"Betfred, 399-401 Ormskirk Road, Wigan",WN5 9DH,Wigan,E08000010,-2.667057,53.535626
Done Brothers (Cash Betting) Limited,"Betfred, 48-50 Warrington Road, Platt Bridge, Wigan",WN2 5JA,Wigan,E08000010,-2.598031,53.51755
Done Brothers (Cash Betting) Limited,"Betfred, 51 Chapel Street, Leigh",WN7 2PB,Wigan,E08000010,-2.509735,53.495479
Done Brothers (Cash Betting) Limited,"Betfred, 6/8 King Street, Leigh",WN7 4LR,Wigan,E08000010,-2.519851,53.49566
Done Brothers (Cash Betting) Limited,"Betfred, 6-10 Wallgate, Wigan",WN1 1JU,Wigan,E08000010,-2.632693,53.545233
Done Brothers (Cash Betting) Limited,"Betfred, 73 Westleigh Lane, Leigh",WN7 5JE,Wigan,E08000010,-2.526024,53.510851
Done Brothers (Cash Betting) Limited,"Betfred, 83 Market Street, Hindley, Wigan",WN2 3AE,Wigan,E08000010,-2.577019,53.536257
Done Brothers (Cash Betting) Limited,"Betfred, 9 Preston Road, Standish, Wigan",WN6 0HR,Wigan,E08000010,-2.664161,53.586772
Done Brothers (Cash Betting) Limited,"Betfred, Unit 4 Walthew Parade, Walthew Lane, Wigan",WN2 5AL,Wigan,E08000010,-2.598465,53.520664
Done Brothers (Cash Betting) Limited,"Betfred, Unit 41/42, The Galleries, Mesnes Street, Wigan",WN1 1PX,Wigan,E08000010,-2.632401,53.548914
Ladbrokes Betting & Gaming Limited,"Ladbrokes, 13-15 Market Place, Wigan",WN1 1PE,Wigan,E08000010,-2.631381,53.546303
Ladbrokes Betting & Gaming Limited,"Ladbrokes, 159-161 Elliott Street, Tyldesley, Manchester",M29 8FL,Wigan,E08000010,-2.469317,53.514161
Ladbrokes Betting & Gaming Limited,"Ladbrokes, 221 Chapel Street, Leigh",WN7 2AP,Wigan,E08000010,-2.499796,53.492456
Ladbrokes Betting & Gaming Limited,"Ladbrokes, 3 Pole Street, Standish, Wigan",WN6 0HP,Wigan,E08000010,-2.664331,53.587023
Ladbrokes Betting & Gaming Limited,"Ladbrokes, 3 The Gerard Centre, Gerard Street, Ashton-In-Makerfield, Wigan",WN4 9AN,Wigan,E08000010,-2.636989,53.486545
Ladbrokes Betting & Gaming Limited,"Ladbrokes, 44 Market Street, Atherton, Manchester",M46 0DG,Wigan,E08000010,-2.492273,53.523569
Ladbrokes Betting & Gaming Limited,"Ladbrokes, 57B Park Road, Wigan",WN6 7AE,Wigan,E08000010,-2.644373,53.552113
Ladbrokes Betting & Gaming Limited,"Ladbrokes, Unit 1 Borsdane Avenue, Hindley, Wigan",WN2 3QN,Wigan,E08000010,-2.564575,53.53418
Ladbrokes Betting & Gaming Limited,"Ladbrokes, Unit 23b, Spinning Gate, Leigh",WN7 4PG,Wigan,E08000010,-2.516609,53.495512
Ladbrokes Betting & Gaming Limited,"Ladbrokes, Unit 3-4, Market Arcade, 38A Leigh Road, Leigh",WN7 1QR,Wigan,E08000010,-2.518685,53.500132
Ladbrokes Betting & Gaming Limited,"Ladbrokes, Unit 4, 8 Woodhouse Drive, Wigan",WN6 7NT,Wigan,E08000010,-2.659937,53.557115
Luxury Leisure,"Nobles Amusements, 84-86 Bradshawgate, Leigh",WN7 4NP,Wigan,E08000010,-2.514442,53.495951
Corbett Bookmakers Limited,"Corbett Bookmakers, 445 Gidlow Lane, Wigan",WN6 7PN,Wigan,E08000010,-2.645649,53.559566
Ashcroft Bookmakers Limited,"Ashcrofts Bookmakers, 230A City Road, Wigan",WN5 0BG,Wigan,E08000010,-2.682552,53.544081
Gala Leisure Limited,"Gala Clubs, Area 1, 8 Anjou Boulevard, Robin Park, Wigan",WN5 0UJ,Wigan,E08000010,-2.656932,53.546319
Gala Leisure Limited,"Gala Clubs, Area 1, Crompton Street, Wigan",WN1 1YP,Wigan,E08000010,-2.629563,53.547928
Gala Leisure Limited,"Gala Clubs, Area 2, Crompton Street, Wigan",WN1 1YP,Wigan,E08000010,-2.629563,53.547928
Gala Leisure Limited,"Gala Clubs, Area 3, Crompton Street, Wigan",WN1 1YP,Wigan,E08000010,-2.629563,53.547928
Coral Racing Limited,"Coral, 44 Wallgate, Wigan",WN1 1LD,Wigan,E08000010,-2.6320770000000002,53.545365
Coral Racing Limited,"Coral Betting Shop, Winstanley District Centre, Holmes House Avenue, Wigan",WN3 6JA,Wigan,E08000010,-2.669851,53.521466
Coral Racing Limited,"Coral Racing Ltd, 1 Borsdane Avenue Hindley, Wigan",WN2 3QN,Wigan,E08000010,-2.564575,53.53418
Coral Racing Limited,"Coral Racing Ltd, 12-14 Gerard Street, Ashton-In-Makerfield, Wigan",WN4 9AA,Wigan,E08000010,-2.637166,53.487299
Coral Racing Limited,"Coral Racing Ltd, 23 Borsdane Avenue Hindley, Wigan",WN2 3QN,Wigan,E08000010,-2.564575,53.53418
Coral Racing Limited,"Coral Racing Ltd, 44 Carr Lane, Wigan",WN3 5ND,Wigan,E08000010,-2.64214,53.524251
Coral Racing Limited,"Coral Racing Ltd, 44-46 Firs Lane, Leigh",WN7 4SB,Wigan,E08000010,-2.534293,53.49814
Coral Racing Limited,"Coral Racing Ltd, 64 Market Street, Hindley, Wigan",WN2 3AN,Wigan,E08000010,-2.577516,53.536158
Coral Racing Limited,"Coral Racing Ltd, 646-648 Ormskirk Road, Wigan",WN5 8BE,Wigan,E08000010,-2.677009,53.535286
Coral Racing Limited,"Coral Racing Ltd, 7 Smithy Green, Ince, Wigan",WN2 2AT,Wigan,E08000010,-2.605954,53.543298
Jay Bee Leisure (Leigh) Limited,"Jay Bee Leisure, 66 Market Street, Atherton, Manchester",M46 0DP,Wigan,E08000010,-2.494505,53.523613
Jay Bee Leisure (Leigh) Limited,"Jay Bee Leisure, Unit 24, Spinning Gate, Leigh",WN7 4PG,Wigan,E08000010,-2.516609,53.495512
William Hill Organization Limited,"William Hill, 1 Brierfield Avenue, Manchester",M46 0HA,Wigan,E08000010,-2.493912,53.528308
William Hill Organization Limited,"William Hill, 100 Bolton Road, Atherton, Manchester",M46 9JY,Wigan,E08000010,-2.485507,53.526752
William Hill Organization Limited,"William Hill, 1-3 Heath Street, Golborne, Warrington",WA3 3BN,Wigan,E08000010,-2.598179,53.476669
William Hill Organization Limited,"William Hill, 137 Ormskirk Road, Wigan",WN5 8AQ,Wigan,E08000010,-2.680781,53.536187
William Hill Organization Limited,"William Hill, 165 Poolstock Lane, Wigan",WN3 5HW,Wigan,E08000010,-2.644645,53.52831
William Hill Organization Limited,"William Hill, 189/191 Elliot Street, Tyldesley",M29 8DR,Wigan,E08000010,-2.465999,53.514075
William Hill Organization Limited,"William Hill, 25A The Gerard Centre, Gerard Street, Ashton-In-Makerfield, Wigan",WN4 9AN,Wigan,E08000010,-2.636989,53.486545
William Hill Organization Limited,"William Hill, 2-8 Bradshawgate, Leigh",WN7 4LX,Wigan,E08000010,-2.518335,53.496258
William Hill Organization Limited,"William Hill, 432 Warrington Road, Wigan",WN3 6QF,Wigan,E08000010,-2.654512,53.526431
William Hill Organization Limited,"William Hill, 46 Market Street, Atherton, Manchester",M46 0DG,Wigan,E08000010,-2.492273,53.523569
William Hill Organization Limited,"William Hill, 548 Atherton Road, Hindley Green, Wigan",WN2 4SJ,Wigan,E08000010,-2.555373,53.526275
William Hill Organization Limited,"William Hill, 761-763 Ormskirk Road, Wigan",WN5 8AT,Wigan,E08000010,-2.68353,53.536408
William Hill Organization Limited,"William Hill, 7-9 Mesnes Street, Wigan",WN1 1QP,Wigan,E08000010,-2.631174,53.548624
Shipley Brothers Limited,"B JS Bingo, Ellesmere Street, Leigh",WN7 4LQ,Wigan,E08000010,-2.518193,53.4944
Tote (Successor Company) Limited,"Totesport, 115-117 Scholes Precinct, Wigan",WN1 3SD,Wigan,E08000010,-2.622462,53.546323
Tote (Successor Company) Limited,"Totesport, 162-164 Manchester Road, Ince, Wigan",WN2 2EA,Wigan,E08000010,-2.603835,53.54285
Tote (Successor Company) Limited,"Totesport, 22 Wallgate, Wigan",WN1 1JU,Wigan,E08000010,-2.632693,53.545233
Tote (Successor Company) Limited,"Totesport, 236 Scholes, Wigan",WN1 3NH,Wigan,E08000010,-2.620127,53.54967
Tote (Successor Company) Limited,"Totesport, 397 Ormskirk Road, Wigan",WN5 9DH,Wigan,E08000010,-2.667057,53.535626
Tote (Successor Company) Limited,"Totesport, 48-50 Warrington Road, Platt Bridge, Wigan",WN2 5JA,Wigan,E08000010,-2.598031,53.51755
Tote (Successor Company) Limited,"Totesport, 83 Market Street, Hindley, Wigan",WN2 3AE,Wigan,E08000010,-2.577019,53.536257
Tote (Successor Company) Limited,"Totesport, 9 Preston Road, Standish, Wigan",WN6 0HR,Wigan,E08000010,-2.664161,53.586772
Tote (Successor Company) Limited,"Totesport, 92 Bradshawgate, Leigh",WN7 4NP,Wigan,E08000010,-2.514442,53.495951
Tote (Successor Company) Limited,"Totesport, Chapel Lane, Wigan",WN3 4HS,Wigan,E08000010,-2.631137,53.54004
Cashino Gaming Limited,"Cashino Gaming Limited, 95 Market Street, Atherton, Manchester",M46 0DA,Wigan,E08000010,-2.494072,53.523867
Praesepe Limited,"Praesepe, 95 Market Street, Atherton, Manchester",M46 0DP,Wigan,E08000010,-2.494505,53.523613
Mr Rigby's Leisuretime Limited,"Mr Rigby's Leisuretime, 48 Bradshawgate, Leigh",WN7 4LA,Wigan,E08000010,-2.517038,53.496131
Ventura Leisure Limited,"Kings Amusements, 32-36 Standishgate, Wigan",WN1 1UE,Wigan,E08000010,-2.630902,53.547537
